Adjustment Type,Day,Country,Video ID,Video Title,Video Duration (sec),Category,Channel ID,Uploader,Channel Display Name,Content Type,Policy,Owned Views,YouTube Revenue Split : Auction,YouTube Revenue Split : Reserved,YouTube Revenue Split : Partner Sold YouTube Served,YouTube Revenue Split : Partner Sold Partner Served,YouTube Revenue Split,Partner Revenue : Auction,Partner Revenue : Reserved,Partner Revenue : Partner Sold YouTube Served,Partner Revenue : Partner Sold Partner Served,Partner Revenue
None,20240611,JP,k19xN725QR4,ADA DALAM HATIKU | GBC Worship Feat. Rachel Angela | Live in Concert,290,people,UCg-6dyO9lswyqKsCYJc0nXw,impactmusikindonesia,GBC Worship,Partner-provided,monetize,1,0.008302,0,0,0,0.008302,0.0045661,0,0,0,0.0045661
None,20240611,KH,k19xN725QR4,ADA DALAM HATIKU | GBC Worship Feat. Rachel Angela | Live in Concert,290,people,UCg-6dyO9lswyqKsCYJc0nXw,impactmusikindonesia,GBC Worship,Partner-provided,monetize,1,0.000086,0,0,0,0.000086,0.0000473,0,0,0,0.0000473
None,20240611,MY,k19xN725QR4,ADA DALAM HATIKU | GBC Worship Feat. Rachel Angela | Live in Concert,290,people,UCg-6dyO9lswyqKsCYJc0nXw,impactmusikindonesia,GBC Worship,Partner-provided,monetize,2,0.001087,0,0,0,0.001087,0.00059785,0,0,0,0.00059785
None,20240611,SA,k19xN725QR4,ADA DALAM HATIKU | GBC Worship Feat. Rachel Angela | Live in Concert,290,people,UCg-6dyO9lswyqKsCYJc0nXw,impactmusikindonesia,GBC Worship,Partner-provided,monetize,1,0.00341,0,0,0,0.00341,0.0018755,0,0,0,0.0018755
None,20240612,ID,k19xN725QR4,ADA DALAM HATIKU | GBC Worship Feat. Rachel Angela | Live in Concert,290,people,UCg-6dyO9lswyqKsCYJc0nXw,impactmusikindonesia,GBC Worship,Partner-provided,monetize,33,0.021179,0,0,0,0.021179,0.01164845,0,0,0,0.01164845
None,20240612,MY,k19xN725QR4,ADA DALAM HATIKU | GBC Worship Feat. Rachel Angela | Live in Concert,290,people,UCg-6dyO9lswyqKsCYJc0nXw,impactmusikindonesia,GBC Worship,Partner-provided,monetize,2,0.002306,0,0,0,0.002306,0.0012683,0,0,0,0.0012683
None,20240613,ID,k19xN725QR4,ADA DALAM HATIKU | GBC Worship Feat. Rachel Angela | Live in Concert,290,people,UCg-6dyO9lswyqKsCYJc0nXw,impactmusikindonesia,GBC Worship,Partner-provided,monetize,45,0.020351,0,0,0,0.020351,0.01119305,0,0,0,0.01119305
None,20240613,MY,k19xN725QR4,ADA DALAM HATIKU | GBC Worship Feat. Rachel Angela | Live in Concert,290,people,UCg-6dyO9lswyqKsCYJc0nXw,impactmusikindonesia,GBC Worship,Partner-provided,monetize,2,0,0,0,0,0,0,0,0,0,0
None,20240613,PH,k19xN725QR4,ADA DALAM HATIKU | GBC Worship Feat. Rachel Angela | Live in Concert,290,people,UCg-6dyO9lswyqKsCYJc0nXw,impactmusikindonesia,GBC Worship,Partner-provided,monetize,1,0,0,0,0,0,0,0,0,0,0
None,20240614,DE,k19xN725QR4,ADA DALAM HATIKU | GBC Worship Feat. Rachel Angela | Live in Concert,290,people,UCg-6dyO9lswyqKsCYJc0nXw,impactmusikindonesia,GBC Worship,Partner-provided,monetize,1,0.033765,0,0,0,0.033765,0.01857075,0,0,0,0.01857075
None,20240614,ID,k19xN725QR4,ADA DALAM HATIKU | GBC Worship Feat. Rachel Angela | Live in Concert,290,people,UCg-6dyO9lswyqKsCYJc0nXw,impactmusikindonesia,GBC Worship,Partner-provided,monetize,38,0.521196,0,0,0,0.521196,0.2866578,0,0,0,0.2866578
None,20240614,US,k19xN725QR4,ADA DALAM HATIKU | GBC Worship Feat. Rachel Angela | Live in Concert,290,people,UCg-6dyO9lswyqKsCYJc0nXw,impactmusikindonesia,GBC Worship,Partner-provided,monetize,1,0.0094,0,0,0,0.0094,0.00517,0,0,0,0.00517
None,20240615,ID,k19xN725QR4,ADA DALAM HATIKU | GBC Worship Feat. Rachel Angela | Live in Concert,290,people,UCg-6dyO9lswyqKsCYJc0nXw,impactmusikindonesia,GBC Worship,Partner-provided,monetize,17,0.009693,0,0,0,0.009693,0.00533115,0,0,0,0.00533115
None,20240615,MY,k19xN725QR4,ADA DALAM HATIKU | GBC Worship Feat. Rachel Angela | Live in Concert,290,people,UCg-6dyO9lswyqKsCYJc0nXw,impactmusikindonesia,GBC Worship,Partner-provided,monetize,3,0.006342,0,0,0,0.006342,0.0034881,0,0,0,0.0034881
None,20240616,ID,k19xN725QR4,ADA DALAM HATIKU | GBC Worship Feat. Rachel Angela | Live in Concert,290,people,UCg-6dyO9lswyqKsCYJc0nXw,impactmusikindonesia,GBC Worship,Partner-provided,monetize,17,0.004846,0,0,0,0.004846,0.0026653,0,0,0,0.0026653
None,20240601,ID,iiJqRSdMk_E,JCC Worship - Tiang Api Tiang Awan,577,entertainment,UCIimjC2xJp3Zi6CAr5-TMIg,,Jesus Center Church (JCC) Cijantung,Partner-provided,monetize,3,0.008908,0,0,0,0.008908,0.0048994,0,0,0,0.0048994
None,20240602,ID,iiJqRSdMk_E,JCC Worship - Tiang Api Tiang Awan,577,entertainment,UCIimjC2xJp3Zi6CAr5-TMIg,,Jesus Center Church (JCC) Cijantung,Partner-provided,monetize,2,0,0,0,0,0,0,0,0,0,0
None,20240603,ID,iiJqRSdMk_E,JCC Worship - Tiang Api Tiang Awan,577,entertainment,UCIimjC2xJp3Zi6CAr5-TMIg,,Jesus Center Church (JCC) Cijantung,Partner-provided,monetize,2,0,0,0,0,0,0,0,0,0,0
None,20240604,ID,iiJqRSdMk_E,JCC Worship - Tiang Api Tiang Awan,577,entertainment,UCIimjC2xJp3Zi6CAr5-TMIg,,Jesus Center Church (JCC) Cijantung,Partner-provided,monetize,1,0,0,0,0,0,0,0,0,0,0
None,20240605,ID,iiJqRSdMk_E,JCC Worship - Tiang Api Tiang Awan,577,entertainment,UCIimjC2xJp3Zi6CAr5-TMIg,,Jesus Center Church (JCC) Cijantung,Partner-provided,monetize,1,0,0,0,0,0,0,0,0,0,0
None,20240607,ID,iiJqRSdMk_E,JCC Worship - Tiang Api Tiang Awan,577,entertainment,UCIimjC2xJp3Zi6CAr5-TMIg,,Jesus Center Church (JCC) Cijantung,Partner-provided,monetize,1,0,0,0,0,0,0,0,0,0,0
None,20240608,ID,iiJqRSdMk_E,JCC Worship - Tiang Api Tiang Awan,577,entertainment,UCIimjC2xJp3Zi6CAr5-TMIg,,Jesus Center Church (JCC) Cijantung,Partner-provided,monetize,3,0.005407,0,0,0,0.005407,0.00297385,0,0,0,0.00297385
None,20240609,ID,iiJqRSdMk_E,JCC Worship - Tiang Api Tiang Awan,577,entertainment,UCIimjC2xJp3Zi6CAr5-TMIg,,Jesus Center Church (JCC) Cijantung,Partner-provided,monetize,4,0.001259,0,0,0,0.001259,0.00069245,0,0,0,0.00069245
None,20240610,ID,iiJqRSdMk_E,JCC Worship - Tiang Api Tiang Awan,577,entertainment,UCIimjC2xJp3Zi6CAr5-TMIg,,Jesus Center Church (JCC) Cijantung,Partner-provided,monetize,7,0.000636,0,0,0,0.000636,0.0003498,0,0,0,0.0003498
None,20240611,ID,iiJqRSdMk_E,JCC Worship - Tiang Api Tiang Awan,577,entertainment,UCIimjC2xJp3Zi6CAr5-TMIg,,Jesus Center Church (JCC) Cijantung,Partner-provided,monetize,4,0.00057,0,0,0,0.00057,0.0003135,0,0,0,0.0003135
None,20240612,ID,iiJqRSdMk_E,JCC Worship - Tiang Api Tiang Awan,577,entertainment,UCIimjC2xJp3Zi6CAr5-TMIg,,Jesus Center Church (JCC) Cijantung,Partner-provided,monetize,2,0.000476,0,0,0,0.000476,0.0002618,0,0,0,0.0002618
None,20240613,ID,iiJqRSdMk_E,JCC Worship - Tiang Api Tiang Awan,577,entertainment,UCIimjC2xJp3Zi6CAr5-TMIg,,Jesus Center Church (JCC) Cijantung,Partner-provided,monetize,2,0.004292,0,0,0,0.004292,0.0023606,0,0,0,0.0023606
None,20240615,ID,iiJqRSdMk_E,JCC Worship - Tiang Api Tiang Awan,577,entertainment,UCIimjC2xJp3Zi6CAr5-TMIg,,Jesus Center Church (JCC) Cijantung,Partner-provided,monetize,1,0.000448,0,0,0,0.000448,0.0002464,0,0,0,0.0002464
None,20240616,ID,iiJqRSdMk_E,JCC Worship - Tiang Api Tiang Awan,577,entertainment,UCIimjC2xJp3Zi6CAr5-TMIg,,Jesus Center Church (JCC) Cijantung,Partner-provided,monetize,1,0,0,0,0,0,0,0,0,0,0
None,20240618,ID,iiJqRSdMk_E,JCC Worship - Tiang Api Tiang Awan,577,entertainment,UCIimjC2xJp3Zi6CAr5-TMIg,impactmusikindonesia,Jesus Center Church (JCC) Cijantung,Partner-provided,monetize,1,0,0,0,0,0,0,0,0,0,0
None,20240619,ID,iiJqRSdMk_E,JCC Worship - Tiang Api Tiang Awan,577,entertainment,UCIimjC2xJp3Zi6CAr5-TMIg,impactmusikindonesia,Jesus Center Church (JCC) Cijantung,Partner-provided,monetize,1,0,0,0,0,0,0,0,0,0,0
None,20240620,ID,iiJqRSdMk_E,JCC Worship - Tiang Api Tiang Awan,577,entertainment,UCIimjC2xJp3Zi6CAr5-TMIg,impactmusikindonesia,Jesus Center Church (JCC) Cijantung,Partner-provided,monetize,3,0.000384,0,0,0,0.000384,0.0002112,0,0,0,0.0002112
None,20240621,ID,iiJqRSdMk_E,JCC Worship - Tiang Api Tiang Awan,577,entertainment,UCIimjC2xJp3Zi6CAr5-TMIg,impactmusikindonesia,Jesus Center Church (JCC) Cijantung,Partner-provided,monetize,1,0.000902,0,0,0,0.000902,0.0004961,0,0,0,0.0004961
None,20240622,ID,iiJqRSdMk_E,JCC Worship - Tiang Api Tiang Awan,577,entertainment,UCIimjC2xJp3Zi6CAr5-TMIg,impactmusikindonesia,Jesus Center Church (JCC) Cijantung,Partner-provided,monetize,2,0.001269,0,0,0,0.001269,0.00069795,0,0,0,0.00069795
None,20240623,ID,iiJqRSdMk_E,JCC Worship - Tiang Api Tiang Awan,577,entertainment,UCIimjC2xJp3Zi6CAr5-TMIg,impactmusikindonesia,Jesus Center Church (JCC) Cijantung,Partner-provided,monetize,3,0.00061,0,0,0,0.00061,0.0003355,0,0,0,0.0003355
None,20240623,MY,iiJqRSdMk_E,JCC Worship - Tiang Api Tiang Awan,577,entertainment,UCIimjC2xJp3Zi6CAr5-TMIg,impactmusikindonesia,Jesus Center Church (JCC) Cijantung,Partner-provided,monetize,3,0.004536,0,0,0,0.004536,0.0024948,0,0,0,0.0024948
None,20240624,ID,iiJqRSdMk_E,JCC Worship - Tiang Api Tiang Awan,577,entertainment,UCIimjC2xJp3Zi6CAr5-TMIg,impactmusikindonesia,Jesus Center Church (JCC) Cijantung,Partner-provided,monetize,1,0.000872,0,0,0,0.000872,0.0004796,0,0,0,0.0004796
None,20240626,ID,iiJqRSdMk_E,JCC Worship - Tiang Api Tiang Awan,577,entertainment,UCIimjC2xJp3Zi6CAr5-TMIg,impactmusikindonesia,Jesus Center Church (JCC) Cijantung,Partner-provided,monetize,2,0,0,0,0,0,0,0,0,0,0
None,20240630,ID,iiJqRSdMk_E,JCC Worship - Tiang Api Tiang Awan,577,entertainment,UCIimjC2xJp3Zi6CAr5-TMIg,impactmusikindonesia,Jesus Center Church (JCC) Cijantung,Partner-provided,monetize,1,0.000659,0,0,0,0.000659,0.00036245,0,0,0,0.00036245
None,20240601,AU,lotBeiBlfkw,JCC Worship - Hari Terbaik (Cover),327,nonprofits,UCIimjC2xJp3Zi6CAr5-TMIg,,Jesus Center Church (JCC) Cijantung,Partner-provided,monetize,6,0.005164,0,0,0,0.005164,0.0028402,0,0,0,0.0028402
None,20240601,ID,lotBeiBlfkw,JCC Worship - Hari Terbaik (Cover),327,nonprofits,UCIimjC2xJp3Zi6CAr5-TMIg,,Jesus Center Church (JCC) Cijantung,Partner-provided,monetize,272,0.222121,0,0,0,0.222121,0.12216655,0,0,0,0.12216655
None,20240601,KR,lotBeiBlfkw,JCC Worship - Hari Terbaik (Cover),327,nonprofits,UCIimjC2xJp3Zi6CAr5-TMIg,,Jesus Center Church (JCC) Cijantung,Partner-provided,monetize,1,0,0,0,0,0,0,0,0,0,0
None,20240601,MY,lotBeiBlfkw,JCC Worship - Hari Terbaik (Cover),327,nonprofits,UCIimjC2xJp3Zi6CAr5-TMIg,,Jesus Center Church (JCC) Cijantung,Partner-provided,monetize,21,0.013727,0,0,0,0.013727,0.00754985,0,0,0,0.00754985
None,20240601,SG,lotBeiBlfkw,JCC Worship - Hari Terbaik (Cover),327,nonprofits,UCIimjC2xJp3Zi6CAr5-TMIg,,Jesus Center Church (JCC) Cijantung,Partner-provided,monetize,1,0.001614,0,0,0,0.001614,0.0008877,0,0,0,0.0008877
None,20240602,AU,lotBeiBlfkw,JCC Worship - Hari Terbaik (Cover),327,nonprofits,UCIimjC2xJp3Zi6CAr5-TMIg,,Jesus Center Church (JCC) Cijantung,Partner-provided,monetize,6,0.051447,0,0,0,0.051447,0.02829585,0,0,0,0.02829585
None,20240602,HK,lotBeiBlfkw,JCC Worship - Hari Terbaik (Cover),327,nonprofits,UCIimjC2xJp3Zi6CAr5-TMIg,,Jesus Center Church (JCC) Cijantung,Partner-provided,monetize,1,0.003713,0,0,0,0.003713,0.00204215,0,0,0,0.00204215
None,20240602,ID,lotBeiBlfkw,JCC Worship - Hari Terbaik (Cover),327,nonprofits,UCIimjC2xJp3Zi6CAr5-TMIg,,Jesus Center Church (JCC) Cijantung,Partner-provided,monetize,207,0.276563,0,0,0,0.276563,0.15210965,0,0,0,0.15210965
None,20240602,KH,lotBeiBlfkw,JCC Worship - Hari Terbaik (Cover),327,nonprofits,UCIimjC2xJp3Zi6CAr5-TMIg,,Jesus Center Church (JCC) Cijantung,Partner-provided,monetize,1,0,0,0,0,0,0,0,0,0,0
None,20240602,MY,lotBeiBlfkw,JCC Worship - Hari Terbaik (Cover),327,nonprofits,UCIimjC2xJp3Zi6CAr5-TMIg,,Jesus Center Church (JCC) Cijantung,Partner-provided,monetize,21,0.029695,0,0,0,0.029695,0.01633225,0,0,0,0.01633225
None,20240602,US,lotBeiBlfkw,JCC Worship - Hari Terbaik (Cover),327,nonprofits,UCIimjC2xJp3Zi6CAr5-TMIg,,Jesus Center Church (JCC) Cijantung,Partner-provided,monetize,1,0.016613,0,0,0,0.016613,0.00913715,0,0,0,0.00913715
None,20240603,AU,lotBeiBlfkw,JCC Worship - Hari Terbaik (Cover),327,nonprofits,UCIimjC2xJp3Zi6CAr5-TMIg,,Jesus Center Church (JCC) Cijantung,Partner-provided,monetize,4,0.006297,0,0,0,0.006297,0.00346335,0,0,0,0.00346335
None,20240603,ID,lotBeiBlfkw,JCC Worship - Hari Terbaik (Cover),327,nonprofits,UCIimjC2xJp3Zi6CAr5-TMIg,,Jesus Center Church (JCC) Cijantung,Partner-provided,monetize,247,0.221603,0,0,0,0.221603,0.12188165,0,0,0,0.12188165
None,20240603,JP,lotBeiBlfkw,JCC Worship - Hari Terbaik (Cover),327,nonprofits,UCIimjC2xJp3Zi6CAr5-TMIg,,Jesus Center Church (JCC) Cijantung,Partner-provided,monetize,1,0,0,0,0,0,0,0,0,0,0
None,20240603,MY,lotBeiBlfkw,JCC Worship - Hari Terbaik (Cover),327,nonprofits,UCIimjC2xJp3Zi6CAr5-TMIg,,Jesus Center Church (JCC) Cijantung,Partner-provided,monetize,23,0.050764,0,0,0,0.050764,0.0279202,0,0,0,0.0279202
None,20240603,TL,lotBeiBlfkw,JCC Worship - Hari Terbaik (Cover),327,nonprofits,UCIimjC2xJp3Zi6CAr5-TMIg,,Jesus Center Church (JCC) Cijantung,Partner-provided,track,1,0,0,0,0,0,0,0,0,0,0
None,20240603,US,lotBeiBlfkw,JCC Worship - Hari Terbaik (Cover),327,nonprofits,UCIimjC2xJp3Zi6CAr5-TMIg,,Jesus Center Church (JCC) Cijantung,Partner-provided,monetize,2,0,0,0,0,0,0,0,0,0,0
None,20240604,AU,lotBeiBlfkw,JCC Worship - Hari Terbaik (Cover),327,nonprofits,UCIimjC2xJp3Zi6CAr5-TMIg,,Jesus Center Church (JCC) Cijantung,Partner-provided,monetize,1,0,0,0,0,0,0,0,0,0,0
None,20240604,BN,lotBeiBlfkw,JCC Worship - Hari Terbaik (Cover),327,nonprofits,UCIimjC2xJp3Zi6CAr5-TMIg,,Jesus Center Church (JCC) Cijantung,Partner-provided,track,1,0,0,0,0,0,0,0,0,0,0
None,20240604,ID,lotBeiBlfkw,JCC Worship - Hari Terbaik (Cover),327,nonprofits,UCIimjC2xJp3Zi6CAr5-TMIg,,Jesus Center Church (JCC) Cijantung,Partner-provided,monetize,265,0.18388,0,0,0,0.18388,0.101134,0,0,0,0.101134
None,20240604,MY,lotBeiBlfkw,JCC Worship - Hari Terbaik (Cover),327,nonprofits,UCIimjC2xJp3Zi6CAr5-TMIg,,Jesus Center Church (JCC) Cijantung,Partner-provided,monetize,20,0.039641,0,0,0,0.039641,0.02180255,0,0,0,0.02180255
None,20240604,US,lotBeiBlfkw,JCC Worship - Hari Terbaik (Cover),327,nonprofits,UCIimjC2xJp3Zi6CAr5-TMIg,,Jesus Center Church (JCC) Cijantung,Partner-provided,monetize,2,0.038702,0,0,0,0.038702,0.0212861,0,0,0,0.0212861
None,20240605,AU,lotBeiBlfkw,JCC Worship - Hari Terbaik (Cover),327,nonprofits,UCIimjC2xJp3Zi6CAr5-TMIg,,Jesus Center Church (JCC) Cijantung,Partner-provided,monetize,4,0.020264,0,0,0,0.020264,0.0111452,0,0,0,0.0111452
None,20240605,HK,lotBeiBlfkw,JCC Worship - Hari Terbaik (Cover),327,nonprofits,UCIimjC2xJp3Zi6CAr5-TMIg,,Jesus Center Church (JCC) Cijantung,Partner-provided,monetize,1,0.003988,0,0,0,0.003988,0.0021934,0,0,0,0.0021934
None,20240605,ID,lotBeiBlfkw,JCC Worship - Hari Terbaik (Cover),327,nonprofits,UCIimjC2xJp3Zi6CAr5-TMIg,,Jesus Center Church (JCC) Cijantung,Partner-provided,monetize,188,0.191487,0,0,0,0.191487,0.10531785,0,0,0,0.10531785
None,20240605,JP,lotBeiBlfkw,JCC Worship - Hari Terbaik (Cover),327,nonprofits,UCIimjC2xJp3Zi6CAr5-TMIg,,Jesus Center Church (JCC) Cijantung,Partner-provided,monetize,1,0,0,0,0,0,0,0,0,0,0
None,20240605,MY,lotBeiBlfkw,JCC Worship - Hari Terbaik (Cover),327,nonprofits,UCIimjC2xJp3Zi6CAr5-TMIg,,Jesus Center Church (JCC) Cijantung,Partner-provided,monetize,19,0.036095,0,0,0,0.036095,0.01985225,0,0,0,0.01985225
None,20240605,US,lotBeiBlfkw,JCC Worship - Hari Terbaik (Cover),327,nonprofits,UCIimjC2xJp3Zi6CAr5-TMIg,,Jesus Center Church (JCC) Cijantung,Partner-provided,monetize,2,0.007056,0,0,0,0.007056,0.0038808,0,0,0,0.0038808
None,20240606,AU,lotBeiBlfkw,JCC Worship - Hari Terbaik (Cover),327,nonprofits,UCIimjC2xJp3Zi6CAr5-TMIg,,Jesus Center Church (JCC) Cijantung,Partner-provided,monetize,2,0.054622,0,0,0,0.054622,0.0300421,0,0,0,0.0300421
None,20240606,HK,lotBeiBlfkw,JCC Worship - Hari Terbaik (Cover),327,nonprofits,UCIimjC2xJp3Zi6CAr5-TMIg,,Jesus Center Church (JCC) Cijantung,Partner-provided,monetize,1,0.002378,0,0,0,0.002378,0.0013079,0,0,0,0.0013079
None,20240606,ID,lotBeiBlfkw,JCC Worship - Hari Terbaik (Cover),327,nonprofits,UCIimjC2xJp3Zi6CAr5-TMIg,,Jesus Center Church (JCC) Cijantung,Partner-provided,monetize,176,0.161862,0,0,0,0.161862,0.0890241,0,0,0,0.0890241
None,20240606,JP,lotBeiBlfkw,JCC Worship - Hari Terbaik (Cover),327,nonprofits,UCIimjC2xJp3Zi6CAr5-TMIg,,Jesus Center Church (JCC) Cijantung,Partner-provided,monetize,1,0,0,0,0,0,0,0,0,0,0
None,20240606,MY,lotBeiBlfkw,JCC Worship - Hari Terbaik (Cover),327,nonprofits,UCIimjC2xJp3Zi6CAr5-TMIg,,Jesus Center Church (JCC) Cijantung,Partner-provided,monetize,23,0.043719,0,0,0,0.043719,0.02404545,0,0,0,0.02404545
None,20240606,NO,lotBeiBlfkw,JCC Worship - Hari Terbaik (Cover),327,nonprofits,UCIimjC2xJp3Zi6CAr5-TMIg,,Jesus Center Church (JCC) Cijantung,Partner-provided,monetize,1,0,0,0,0,0,0,0,0,0,0
None,20240606,SG,lotBeiBlfkw,JCC Worship - Hari Terbaik (Cover),327,nonprofits,UCIimjC2xJp3Zi6CAr5-TMIg,,Jesus Center Church (JCC) Cijantung,Partner-provided,monetize,2,0,0,0,0,0,0,0,0,0,0
None,20240606,TW,lotBeiBlfkw,JCC Worship - Hari Terbaik (Cover),327,nonprofits,UCIimjC2xJp3Zi6CAr5-TMIg,,Jesus Center Church (JCC) Cijantung,Partner-provided,monetize,2,0.012088,0,0,0,0.012088,0.0066484,0,0,0,0.0066484
None,20240607,AU,lotBeiBlfkw,JCC Worship - Hari Terbaik (Cover),327,nonprofits,UCIimjC2xJp3Zi6CAr5-TMIg,,Jesus Center Church (JCC) Cijantung,Partner-provided,monetize,5,0.115642,0,0,0,0.115642,0.0636031,0,0,0,0.0636031
None,20240607,ID,lotBeiBlfkw,JCC Worship - Hari Terbaik (Cover),327,nonprofits,UCIimjC2xJp3Zi6CAr5-TMIg,,Jesus Center Church (JCC) Cijantung,Partner-provided,monetize,193,0.431078,0,0,0,0.431078,0.2370929,0,0,0,0.2370929
None,20240607,JP,lotBeiBlfkw,JCC Worship - Hari Terbaik (Cover),327,nonprofits,UCIimjC2xJp3Zi6CAr5-TMIg,,Jesus Center Church (JCC) Cijantung,Partner-provided,monetize,1,0,0,0,0,0,0,0,0,0,0
None,20240607,MY,lotBeiBlfkw,JCC Worship - Hari Terbaik (Cover),327,nonprofits,UCIimjC2xJp3Zi6CAr5-TMIg,,Jesus Center Church (JCC) Cijantung,Partner-provided,monetize,25,0.033039,0,0,0,0.033039,0.01817145,0,0,0,0.01817145
None,20240608,AU,lotBeiBlfkw,JCC Worship - Hari Terbaik (Cover),327,nonprofits,UCIimjC2xJp3Zi6CAr5-TMIg,,Jesus Center Church (JCC) Cijantung,Partner-provided,monetize,19,0.084511,0,0,0,0.084511,0.04648105,0,0,0,0.04648105
None,20240608,BN,lotBeiBlfkw,JCC Worship - Hari Terbaik (Cover),327,nonprofits,UCIimjC2xJp3Zi6CAr5-TMIg,,Jesus Center Church (JCC) Cijantung,Partner-provided,track,1,0,0,0,0,0,0,0,0,0,0
None,20240608,HK,lotBeiBlfkw,JCC Worship - Hari Terbaik (Cover),327,nonprofits,UCIimjC2xJp3Zi6CAr5-TMIg,,Jesus Center Church (JCC) Cijantung,Partner-provided,monetize,1,0,0,0,0,0,0,0,0,0,0
None,20240608,ID,lotBeiBlfkw,JCC Worship - Hari Terbaik (Cover),327,nonprofits,UCIimjC2xJp3Zi6CAr5-TMIg,,Jesus Center Church (JCC) Cijantung,Partner-provided,monetize,233,0.141558,0,0,0,0.141558,0.0778569,0,0,0,0.0778569
None,20240608,KR,lotBeiBlfkw,JCC Worship - Hari Terbaik (Cover),327,nonprofits,UCIimjC2xJp3Zi6CAr5-TMIg,,Jesus Center Church (JCC) Cijantung,Partner-provided,monetize,1,0.005586,0,0,0,0.005586,0.0030723,0,0,0,0.0030723
None,20240608,MY,lotBeiBlfkw,JCC Worship - Hari Terbaik (Cover),327,nonprofits,UCIimjC2xJp3Zi6CAr5-TMIg,,Jesus Center Church (JCC) Cijantung,Partner-provided,monetize,28,0.046995,0,0,0,0.046995,0.02584725,0,0,0,0.02584725
None,20240608,US,lotBeiBlfkw,JCC Worship - Hari Terbaik (Cover),327,nonprofits,UCIimjC2xJp3Zi6CAr5-TMIg,,Jesus Center Church (JCC) Cijantung,Partner-provided,monetize,1,0.00254,0,0,0,0.00254,0.001397,0,0,0,0.001397
None,20240609,ID,lotBeiBlfkw,JCC Worship - Hari Terbaik (Cover),327,nonprofits,UCIimjC2xJp3Zi6CAr5-TMIg,,Jesus Center Church (JCC) Cijantung,Partner-provided,monetize,152,0.129284,0,0,0,0.129284,0.0711062,0,0,0,0.0711062
None,20240609,JP,lotBeiBlfkw,JCC Worship - Hari Terbaik (Cover),327,nonprofits,UCIimjC2xJp3Zi6CAr5-TMIg,,Jesus Center Church (JCC) Cijantung,Partner-provided,monetize,2,0,0,0,0,0,0,0,0,0,0
None,20240609,MY,lotBeiBlfkw,JCC Worship - Hari Terbaik (Cover),327,nonprofits,UCIimjC2xJp3Zi6CAr5-TMIg,,Jesus Center Church (JCC) Cijantung,Partner-provided,monetize,32,0.025573,0,0,0,0.025573,0.01406515,0,0,0,0.01406515
None,20240609,NO,lotBeiBlfkw,JCC Worship - Hari Terbaik (Cover),327,nonprofits,UCIimjC2xJp3Zi6CAr5-TMIg,,Jesus Center Church (JCC) Cijantung,Partner-provided,monetize,1,0,0,0,0,0,0,0,0,0,0
None,20240609,US,lotBeiBlfkw,JCC Worship - Hari Terbaik (Cover),327,nonprofits,UCIimjC2xJp3Zi6CAr5-TMIg,,Jesus Center Church (JCC) Cijantung,Partner-provided,monetize,1,0.013806,0,0,0,0.013806,0.0075933,0,0,0,0.0075933
None,20240610,ID,lotBeiBlfkw,JCC Worship - Hari Terbaik (Cover),327,nonprofits,UCIimjC2xJp3Zi6CAr5-TMIg,,Jesus Center Church (JCC) Cijantung,Partner-provided,monetize,169,0.133293,0,0,0,0.133293,0.07331115,0,0,0,0.07331115
None,20240610,JP,lotBeiBlfkw,JCC Worship - Hari Terbaik (Cover),327,nonprofits,UCIimjC2xJp3Zi6CAr5-TMIg,,Jesus Center Church (JCC) Cijantung,Partner-provided,monetize,1,0,0,0,0,0,0,0,0,0,0
None,20240610,MY,lotBeiBlfkw,JCC Worship - Hari Terbaik (Cover),327,nonprofits,UCIimjC2xJp3Zi6CAr5-TMIg,,Jesus Center Church (JCC) Cijantung,Partner-provided,monetize,16,0.014006,0,0,0,0.014006,0.0077033,0,0,0,0.0077033
None,20240611,AU,lotBeiBlfkw,JCC Worship - Hari Terbaik (Cover),327,nonprofits,UCIimjC2xJp3Zi6CAr5-TMIg,,Jesus Center Church (JCC) Cijantung,Partner-provided,monetize,1,0.031764,0,0,0,0.031764,0.0174702,0,0,0,0.0174702
None,20240611,BN,lotBeiBlfkw,JCC Worship - Hari Terbaik (Cover),327,nonprofits,UCIimjC2xJp3Zi6CAr5-TMIg,,Jesus Center Church (JCC) Cijantung,Partner-provided,track,1,0,0,0,0,0,0,0,0,0,0
None,20240611,HK,lotBeiBlfkw,JCC Worship - Hari Terbaik (Cover),327,nonprofits,UCIimjC2xJp3Zi6CAr5-TMIg,mrgaucha85,Jesus Center Church (JCC) Cijantung,Partner-provided,monetize,0,0.006342,0,0,0,0.006342,0.0034881,0,0,0,0.0034881
None,20240611,ID,lotBeiBlfkw,JCC Worship - Hari Terbaik (Cover),327,nonprofits,UCIimjC2xJp3Zi6CAr5-TMIg,mrgaucha85,Jesus Center Church (JCC) Cijantung,Partner-provided,monetize,177,0.127482,0,0,0,0.127482,0.0701151,0,0,0,0.0701151
None,20240611,MY,lotBeiBlfkw,JCC Worship - Hari Terbaik (Cover),327,nonprofits,UCIimjC2xJp3Zi6CAr5-TMIg,mrgaucha85,Jesus Center Church (JCC) Cijantung,Partner-provided,monetize,25,0.039305,0,0,0,0.039305,0.02161775,0,0,0,0.02161775
None,20240611,NO,lotBeiBlfkw,JCC Worship - Hari Terbaik (Cover),327,nonprofits,UCIimjC2xJp3Zi6CAr5-TMIg,mrgaucha85,Jesus Center Church (JCC) Cijantung,Partner-provided,monetize,2,0,0,0,0,0,0,0,0,0,0
None,20240611,SG,lotBeiBlfkw,JCC Worship - Hari Terbaik (Cover),327,nonprofits,UCIimjC2xJp3Zi6CAr5-TMIg,mrgaucha85,Jesus Center Church (JCC) Cijantung,Partner-provided,monetize,3,0.01246,0,0,0,0.01246,0.006853,0,0,0,0.006853
None,20240612,AU,lotBeiBlfkw,JCC Worship - Hari Terbaik (Cover),327,nonprofits,UCIimjC2xJp3Zi6CAr5-TMIg,,Jesus Center Church (JCC) Cijantung,Partner-provided,monetize,1,0,0,0,0,0,0,0,0,0,0
None,20240612,ID,lotBeiBlfkw,JCC Worship - Hari Terbaik (Cover),327,nonprofits,UCIimjC2xJp3Zi6CAr5-TMIg,,Jesus Center Church (JCC) Cijantung,Partner-provided,monetize,162,0.116166,0,0,0,0.116166,0.0638913,0,0,0,0.0638913
None,20240612,MY,lotBeiBlfkw,JCC Worship - Hari Terbaik (Cover),327,nonprofits,UCIimjC2xJp3Zi6CAr5-TMIg,,Jesus Center Church (JCC) Cijantung,Partner-provided,monetize,32,0.070097,0,0,0,0.070097,0.03855335,0,0,0,0.03855335
None,20240612,NL,lotBeiBlfkw,JCC Worship - Hari Terbaik (Cover),327,nonprofits,UCIimjC2xJp3Zi6CAr5-TMIg,,Jesus Center Church (JCC) Cijantung,Partner-provided,monetize,0,0.008464,0,0,0,0.008464,0.0046552,0,0,0,0.0046552
None,20240612,TH,lotBeiBlfkw,JCC Worship - Hari Terbaik (Cover),327,nonprofits,UCIimjC2xJp3Zi6CAr5-TMIg,,Jesus Center Church (JCC) Cijantung,Partner-provided,monetize,1,0.0098,0,0,0,0.0098,0.00539,0,0,0,0.00539
None,20240612,TL,lotBeiBlfkw,JCC Worship - Hari Terbaik (Cover),327,nonprofits,UCIimjC2xJp3Zi6CAr5-TMIg,,Jesus Center Church (JCC) Cijantung,Partner-provided,track,1,0,0,0,0,0,0,0,0,0,0
None,20240613,ID,lotBeiBlfkw,JCC Worship - Hari Terbaik (Cover),327,nonprofits,UCIimjC2xJp3Zi6CAr5-TMIg,,Jesus Center Church (JCC) Cijantung,Partner-provided,monetize,157,0.165132,0,0,0,0.165132,0.0908226,0,0,0,0.0908226
None,20240613,MY,lotBeiBlfkw,JCC Worship - Hari Terbaik (Cover),327,nonprofits,UCIimjC2xJp3Zi6CAr5-TMIg,roberfal1000,Jesus Center Church (JCC) Cijantung,Partner-provided,monetize,27,0.018053,0,0,0,0.018053,0.00992915,0,0,0,0.00992915
None,20240613,PH,lotBeiBlfkw,JCC Worship - Hari Terbaik (Cover),327,nonprofits,UCIimjC2xJp3Zi6CAr5-TMIg,roberfal1000,Jesus Center Church (JCC) Cijantung,Partner-provided,monetize,1,0,0,0,0,0,0,0,0,0,0
None,20240613,SG,lotBeiBlfkw,JCC Worship - Hari Terbaik (Cover),327,nonprofits,UCIimjC2xJp3Zi6CAr5-TMIg,roberfal1000,Jesus Center Church (JCC) Cijantung,Partner-provided,monetize,1,0.004655,0,0,0,0.004655,0.00256025,0,0,0,0.00256025
None,20240614,AU,lotBeiBlfkw,JCC Worship - Hari Terbaik (Cover),327,nonprofits,UCIimjC2xJp3Zi6CAr5-TMIg,roberfal1000,Jesus Center Church (JCC) Cijantung,Partner-provided,monetize,1,0.010006,0,0,0,0.010006,0.0055033,0,0,0,0.0055033
None,20240614,ID,lotBeiBlfkw,JCC Worship - Hari Terbaik (Cover),327,nonprofits,UCIimjC2xJp3Zi6CAr5-TMIg,thedinoku,Jesus Center Church (JCC) Cijantung,Partner-provided,monetize,190,0.140929,0,0,0,0.140929,0.07751095,0,0,0,0.07751095
None,20240614,JP,lotBeiBlfkw,JCC Worship - Hari Terbaik (Cover),327,nonprofits,UCIimjC2xJp3Zi6CAr5-TMIg,thedinoku,Jesus Center Church (JCC) Cijantung,Partner-provided,monetize,2,0,0,0,0,0,0,0,0,0,0
None,20240614,MY,lotBeiBlfkw,JCC Worship - Hari Terbaik (Cover),327,nonprofits,UCIimjC2xJp3Zi6CAr5-TMIg,thedinoku,Jesus Center Church (JCC) Cijantung,Partner-provided,monetize,26,0.069437,0,0,0,0.069437,0.03819035,0,0,0,0.03819035
None,20240614,US,lotBeiBlfkw,JCC Worship - Hari Terbaik (Cover),327,nonprofits,UCIimjC2xJp3Zi6CAr5-TMIg,,Jesus Center Church (JCC) Cijantung,Partner-provided,monetize,1,0.015259,0,0,0,0.015259,0.00839245,0,0,0,0.00839245
None,20240615,AU,lotBeiBlfkw,JCC Worship - Hari Terbaik (Cover),327,nonprofits,UCIimjC2xJp3Zi6CAr5-TMIg,,Jesus Center Church (JCC) Cijantung,Partner-provided,monetize,2,0.030026,0,0,0,0.030026,0.0165143,0,0,0,0.0165143
None,20240615,ID,lotBeiBlfkw,JCC Worship - Hari Terbaik (Cover),327,nonprofits,UCIimjC2xJp3Zi6CAr5-TMIg,,Jesus Center Church (JCC) Cijantung,Partner-provided,monetize,208,0.150009,0,0,0,0.150009,0.08250495,0,0,0,0.08250495
None,20240615,JP,lotBeiBlfkw,JCC Worship - Hari Terbaik (Cover),327,nonprofits,UCIimjC2xJp3Zi6CAr5-TMIg,,Jesus Center Church (JCC) Cijantung,Partner-provided,monetize,1,0,0,0,0,0,0,0,0,0,0
None,20240615,MY,lotBeiBlfkw,JCC Worship - Hari Terbaik (Cover),327,nonprofits,UCIimjC2xJp3Zi6CAr5-TMIg,,Jesus Center Church (JCC) Cijantung,Partner-provided,monetize,17,0.025446,0,0,0,0.025446,0.0139953,0,0,0,0.0139953
None,20240615,TL,lotBeiBlfkw,JCC Worship - Hari Terbaik (Cover),327,nonprofits,UCIimjC2xJp3Zi6CAr5-TMIg,,Jesus Center Church (JCC) Cijantung,Partner-provided,track,1,0,0,0,0,0,0,0,0,0,0
None,20240615,US,lotBeiBlfkw,JCC Worship - Hari Terbaik (Cover),327,nonprofits,UCIimjC2xJp3Zi6CAr5-TMIg,,Jesus Center Church (JCC) Cijantung,Partner-provided,monetize,2,0.185642,0,0,0,0.185642,0.1021031,0,0,0,0.1021031
None,20240616,ID,lotBeiBlfkw,JCC Worship - Hari Terbaik (Cover),327,nonprofits,UCIimjC2xJp3Zi6CAr5-TMIg,dutahindra2,Jesus Center Church (JCC) Cijantung,Partner-provided,monetize,161,0.084641,0,0,0,0.084641,0.04655255,0,0,0,0.04655255
None,20240616,KR,lotBeiBlfkw,JCC Worship - Hari Terbaik (Cover),327,nonprofits,UCIimjC2xJp3Zi6CAr5-TMIg,dutahindra2,Jesus Center Church (JCC) Cijantung,Partner-provided,monetize,1,0.004641,0,0,0,0.004641,0.00255255,0,0,0,0.00255255
None,20240616,MY,lotBeiBlfkw,JCC Worship - Hari Terbaik (Cover),327,nonprofits,UCIimjC2xJp3Zi6CAr5-TMIg,dutahindra2,Jesus Center Church (JCC) Cijantung,Partner-provided,monetize,26,0.032869,0,0,0,0.032869,0.01807795,0,0,0,0.01807795
None,20240616,NL,lotBeiBlfkw,JCC Worship - Hari Terbaik (Cover),327,nonprofits,UCIimjC2xJp3Zi6CAr5-TMIg,dutahindra2,Jesus Center Church (JCC) Cijantung,Partner-provided,monetize,2,0.004767,0,0,0,0.004767,0.00262185,0,0,0,0.00262185
None,20240616,TL,lotBeiBlfkw,JCC Worship - Hari Terbaik (Cover),327,nonprofits,UCIimjC2xJp3Zi6CAr5-TMIg,dutahindra2,Jesus Center Church (JCC) Cijantung,Partner-provided,track,1,0,0,0,0,0,0,0,0,0,0
None,20240616,US,lotBeiBlfkw,JCC Worship - Hari Terbaik (Cover),327,nonprofits,UCIimjC2xJp3Zi6CAr5-TMIg,dutahindra2,Jesus Center Church (JCC) Cijantung,Partner-provided,monetize,1,0.007445,0,0,0,0.007445,0.00409475,0,0,0,0.00409475
None,20240617,ID,lotBeiBlfkw,JCC Worship - Hari Terbaik (Cover),327,nonprofits,UCIimjC2xJp3Zi6CAr5-TMIg,dutahindra2,Jesus Center Church (JCC) Cijantung,Partner-provided,monetize,142,0.150132,0,0,0,0.150132,0.0825726,0,0,0,0.0825726
None,20240617,JP,lotBeiBlfkw,JCC Worship - Hari Terbaik (Cover),327,nonprofits,UCIimjC2xJp3Zi6CAr5-TMIg,dutahindra2,Jesus Center Church (JCC) Cijantung,Partner-provided,monetize,1,0,0,0,0,0,0,0,0,0,0
None,20240617,MY,lotBeiBlfkw,JCC Worship - Hari Terbaik (Cover),327,nonprofits,UCIimjC2xJp3Zi6CAr5-TMIg,dutahindra2,Jesus Center Church (JCC) Cijantung,Partner-provided,monetize,25,0.015096,0,0,0,0.015096,0.0083028,0,0,0,0.0083028
None,20240617,SG,lotBeiBlfkw,JCC Worship - Hari Terbaik (Cover),327,nonprofits,UCIimjC2xJp3Zi6CAr5-TMIg,dutahindra2,Jesus Center Church (JCC) Cijantung,Partner-provided,monetize,1,0.006801,0,0,0,0.006801,0.00374055,0,0,0,0.00374055
None,20240617,TH,lotBeiBlfkw,JCC Worship - Hari Terbaik (Cover),327,nonprofits,UCIimjC2xJp3Zi6CAr5-TMIg,dutahindra2,Jesus Center Church (JCC) Cijantung,Partner-provided,monetize,1,0.003001,0,0,0,0.003001,0.00165055,0,0,0,0.00165055
None,20240617,US,lotBeiBlfkw,JCC Worship - Hari Terbaik (Cover),327,nonprofits,UCIimjC2xJp3Zi6CAr5-TMIg,dutahindra2,Jesus Center Church (JCC) Cijantung,Partner-provided,monetize,1,0.01304,0,0,0,0.01304,0.007172,0,0,0,0.007172
None,20240618,HK,lotBeiBlfkw,JCC Worship - Hari Terbaik (Cover),327,nonprofits,UCIimjC2xJp3Zi6CAr5-TMIg,dutahindra2,Jesus Center Church (JCC) Cijantung,Partner-provided,monetize,1,0.004417,0,0,0,0.004417,0.00242935,0,0,0,0.00242935
None,20240618,ID,lotBeiBlfkw,JCC Worship - Hari Terbaik (Cover),327,nonprofits,UCIimjC2xJp3Zi6CAr5-TMIg,dutahindra2,Jesus Center Church (JCC) Cijantung,Partner-provided,monetize,160,0.135662,0,0,0,0.135662,0.0746141,0,0,0,0.0746141
None,20240618,KR,lotBeiBlfkw,JCC Worship - Hari Terbaik (Cover),327,nonprofits,UCIimjC2xJp3Zi6CAr5-TMIg,dutahindra2,Jesus Center Church (JCC) Cijantung,Partner-provided,monetize,5,0,0,0,0,0,0,0,0,0,0
None,20240618,MY,lotBeiBlfkw,JCC Worship - Hari Terbaik (Cover),327,nonprofits,UCIimjC2xJp3Zi6CAr5-TMIg,dutahindra2,Jesus Center Church (JCC) Cijantung,Partner-provided,monetize,24,0.01533,0,0,0,0.01533,0.0084315,0,0,0,0.0084315
None,20240618,TL,lotBeiBlfkw,JCC Worship - Hari Terbaik (Cover),327,nonprofits,UCIimjC2xJp3Zi6CAr5-TMIg,dutahindra2,Jesus Center Church (JCC) Cijantung,Partner-provided,track,1,0,0,0,0,0,0,0,0,0,0
None,20240618,US,lotBeiBlfkw,JCC Worship - Hari Terbaik (Cover),327,nonprofits,UCIimjC2xJp3Zi6CAr5-TMIg,dutahindra2,Jesus Center Church (JCC) Cijantung,Partner-provided,monetize,1,0.022213,0,0,0,0.022213,0.01221715,0,0,0,0.01221715
None,20240619,AU,lotBeiBlfkw,JCC Worship - Hari Terbaik (Cover),327,nonprofits,UCIimjC2xJp3Zi6CAr5-TMIg,dutahindra2,Jesus Center Church (JCC) Cijantung,Partner-provided,monetize,1,0.014877,0,0,0,0.014877,0.00818235,0,0,0,0.00818235
None,20240619,BE,lotBeiBlfkw,JCC Worship - Hari Terbaik (Cover),327,nonprofits,UCIimjC2xJp3Zi6CAr5-TMIg,dutahindra2,Jesus Center Church (JCC) Cijantung,Partner-provided,monetize,1,0,0,0,0,0,0,0,0,0,0
None,20240619,HK,lotBeiBlfkw,JCC Worship - Hari Terbaik (Cover),327,nonprofits,UCIimjC2xJp3Zi6CAr5-TMIg,dutahindra2,Jesus Center Church (JCC) Cijantung,Partner-provided,monetize,0,0.003796,0,0,0,0.003796,0.0020878,0,0,0,0.0020878
None,20240619,ID,lotBeiBlfkw,JCC Worship - Hari Terbaik (Cover),327,nonprofits,UCIimjC2xJp3Zi6CAr5-TMIg,dutahindra2,Jesus Center Church (JCC) Cijantung,Partner-provided,monetize,199,0.205617,0,0,0,0.205617,0.11308935,0,0,0,0.11308935
None,20240619,JP,lotBeiBlfkw,JCC Worship - Hari Terbaik (Cover),327,nonprofits,UCIimjC2xJp3Zi6CAr5-TMIg,dutahindra2,Jesus Center Church (JCC) Cijantung,Partner-provided,monetize,1,0,0,0,0,0,0,0,0,0,0
None,20240619,MY,lotBeiBlfkw,JCC Worship - Hari Terbaik (Cover),327,nonprofits,UCIimjC2xJp3Zi6CAr5-TMIg,dutahindra2,Jesus Center Church (JCC) Cijantung,Partner-provided,monetize,23,0.015528,0,0,0,0.015528,0.0085404,0,0,0,0.0085404
None,20240619,TH,lotBeiBlfkw,JCC Worship - Hari Terbaik (Cover),327,nonprofits,UCIimjC2xJp3Zi6CAr5-TMIg,dutahindra2,Jesus Center Church (JCC) Cijantung,Partner-provided,monetize,1,0.003437,0,0,0,0.003437,0.00189035,0,0,0,0.00189035
None,20240619,US,lotBeiBlfkw,JCC Worship - Hari Terbaik (Cover),327,nonprofits,UCIimjC2xJp3Zi6CAr5-TMIg,,Jesus Center Church (JCC) Cijantung,Partner-provided,monetize,2,0.009183,0,0,0,0.009183,0.00505065,0,0,0,0.00505065
None,20240620,AU,lotBeiBlfkw,JCC Worship - Hari Terbaik (Cover),327,nonprofits,UCIimjC2xJp3Zi6CAr5-TMIg,,Jesus Center Church (JCC) Cijantung,Partner-provided,monetize,1,0,0,0,0,0,0,0,0,0,0
None,20240620,ID,lotBeiBlfkw,JCC Worship - Hari Terbaik (Cover),327,nonprofits,UCIimjC2xJp3Zi6CAr5-TMIg,,Jesus Center Church (JCC) Cijantung,Partner-provided,monetize,227,0.168032,0,0,0,0.168032,0.0924176,0,0,0,0.0924176
None,20240620,MY,lotBeiBlfkw,JCC Worship - Hari Terbaik (Cover),327,nonprofits,UCIimjC2xJp3Zi6CAr5-TMIg,,Jesus Center Church (JCC) Cijantung,Partner-provided,monetize,24,0.0155,0,0,0,0.0155,0.008525,0,0,0,0.008525
None,20240620,TH,lotBeiBlfkw,JCC Worship - Hari Terbaik (Cover),327,nonprofits,UCIimjC2xJp3Zi6CAr5-TMIg,,Jesus Center Church (JCC) Cijantung,Partner-provided,monetize,1,0.001819,0,0,0,0.001819,0.00100045,0,0,0,0.00100045
None,20240620,US,lotBeiBlfkw,JCC Worship - Hari Terbaik (Cover),327,nonprofits,UCIimjC2xJp3Zi6CAr5-TMIg,,Jesus Center Church (JCC) Cijantung,Partner-provided,monetize,3,0.006455,0,0,0,0.006455,0.00355025,0,0,0,0.00355025
None,20240621,ID,lotBeiBlfkw,JCC Worship - Hari Terbaik (Cover),327,nonprofits,UCIimjC2xJp3Zi6CAr5-TMIg,,Jesus Center Church (JCC) Cijantung,Partner-provided,monetize,194,0.143782,0,0,0,0.143782,0.0790801,0,0,0,0.0790801
None,20240621,MY,lotBeiBlfkw,JCC Worship - Hari Terbaik (Cover),327,nonprofits,UCIimjC2xJp3Zi6CAr5-TMIg,,Jesus Center Church (JCC) Cijantung,Partner-provided,monetize,26,0.029096,0,0,0,0.029096,0.0160028,0,0,0,0.0160028
None,20240621,US,lotBeiBlfkw,JCC Worship - Hari Terbaik (Cover),327,nonprofits,UCIimjC2xJp3Zi6CAr5-TMIg,,Jesus Center Church (JCC) Cijantung,Partner-provided,monetize,1,0.017098,0,0,0,0.017098,0.0094039,0,0,0,0.0094039
None,20240622,DE,lotBeiBlfkw,JCC Worship - Hari Terbaik (Cover),327,nonprofits,UCIimjC2xJp3Zi6CAr5-TMIg,,Jesus Center Church (JCC) Cijantung,Partner-provided,monetize,1,0.025,0,0,0,0.025,0.01375,0,0,0,0.01375
None,20240622,ID,lotBeiBlfkw,JCC Worship - Hari Terbaik (Cover),327,nonprofits,UCIimjC2xJp3Zi6CAr5-TMIg,,Jesus Center Church (JCC) Cijantung,Partner-provided,monetize,186,0.194948,0,0,0,0.194948,0.1072214,0,0,0,0.1072214
None,20240622,MY,lotBeiBlfkw,JCC Worship - Hari Terbaik (Cover),327,nonprofits,UCIimjC2xJp3Zi6CAr5-TMIg,,Jesus Center Church (JCC) Cijantung,Partner-provided,monetize,20,0.023332,0,0,0,0.023332,0.0128326,0,0,0,0.0128326
None,20240623,ID,lotBeiBlfkw,JCC Worship - Hari Terbaik (Cover),327,nonprofits,UCIimjC2xJp3Zi6CAr5-TMIg,,Jesus Center Church (JCC) Cijantung,Partner-provided,monetize,154,0.120012,0,0,0,0.120012,0.0660066,0,0,0,0.0660066
None,20240623,MY,lotBeiBlfkw,JCC Worship - Hari Terbaik (Cover),327,nonprofits,UCIimjC2xJp3Zi6CAr5-TMIg,,Jesus Center Church (JCC) Cijantung,Partner-provided,monetize,22,0.030574,0,0,0,0.030574,0.0168157,0,0,0,0.0168157
None,20240623,TH,lotBeiBlfkw,JCC Worship - Hari Terbaik (Cover),327,nonprofits,UCIimjC2xJp3Zi6CAr5-TMIg,,Jesus Center Church (JCC) Cijantung,Partner-provided,monetize,1,0,0,0,0,0,0,0,0,0,0
None,20240623,TL,lotBeiBlfkw,JCC Worship - Hari Terbaik (Cover),327,nonprofits,UCIimjC2xJp3Zi6CAr5-TMIg,,Jesus Center Church (JCC) Cijantung,Partner-provided,track,1,0,0,0,0,0,0,0,0,0,0
None,20240623,US,lotBeiBlfkw,JCC Worship - Hari Terbaik (Cover),327,nonprofits,UCIimjC2xJp3Zi6CAr5-TMIg,,Jesus Center Church (JCC) Cijantung,Partner-provided,monetize,1,0,0,0,0,0,0,0,0,0,0
None,20240624,GB,lotBeiBlfkw,JCC Worship - Hari Terbaik (Cover),327,nonprofits,UCIimjC2xJp3Zi6CAr5-TMIg,,Jesus Center Church (JCC) Cijantung,Partner-provided,monetize,1,0,0,0,0,0,0,0,0,0,0
None,20240624,HK,lotBeiBlfkw,JCC Worship - Hari Terbaik (Cover),327,nonprofits,UCIimjC2xJp3Zi6CAr5-TMIg,,Jesus Center Church (JCC) Cijantung,Partner-provided,monetize,2,0.008257,0,0,0,0.008257,0.00454135,0,0,0,0.00454135
None,20240624,ID,lotBeiBlfkw,JCC Worship - Hari Terbaik (Cover),327,nonprofits,UCIimjC2xJp3Zi6CAr5-TMIg,,Jesus Center Church (JCC) Cijantung,Partner-provided,monetize,185,0.104129,0,0,0,0.104129,0.05727095,0,0,0,0.05727095
None,20240624,MY,lotBeiBlfkw,JCC Worship - Hari Terbaik (Cover),327,nonprofits,UCIimjC2xJp3Zi6CAr5-TMIg,,Jesus Center Church (JCC) Cijantung,Partner-provided,monetize,17,0.031396,0,0,0,0.031396,0.0172678,0,0,0,0.0172678
None,20240624,NL,lotBeiBlfkw,JCC Worship - Hari Terbaik (Cover),327,nonprofits,UCIimjC2xJp3Zi6CAr5-TMIg,,Jesus Center Church (JCC) Cijantung,Partner-provided,monetize,1,0,0,0,0,0,0,0,0,0,0
None,20240624,SG,lotBeiBlfkw,JCC Worship - Hari Terbaik (Cover),327,nonprofits,UCIimjC2xJp3Zi6CAr5-TMIg,,Jesus Center Church (JCC) Cijantung,Partner-provided,monetize,2,0.002948,0,0,0,0.002948,0.0016214,0,0,0,0.0016214
None,20240624,US,lotBeiBlfkw,JCC Worship - Hari Terbaik (Cover),327,nonprofits,UCIimjC2xJp3Zi6CAr5-TMIg,,Jesus Center Church (JCC) Cijantung,Partner-provided,monetize,2,0.01455,0,0,0,0.01455,0.0080025,0,0,0,0.0080025
None,20240625,AE,lotBeiBlfkw,JCC Worship - Hari Terbaik (Cover),327,nonprofits,UCIimjC2xJp3Zi6CAr5-TMIg,,Jesus Center Church (JCC) Cijantung,Partner-provided,monetize,1,0,0,0,0,0,0,0,0,0,0
None,20240625,BN,lotBeiBlfkw,JCC Worship - Hari Terbaik (Cover),327,nonprofits,UCIimjC2xJp3Zi6CAr5-TMIg,,Jesus Center Church (JCC) Cijantung,Partner-provided,track,1,0,0,0,0,0,0,0,0,0,0
None,20240625,HK,lotBeiBlfkw,JCC Worship - Hari Terbaik (Cover),327,nonprofits,UCIimjC2xJp3Zi6CAr5-TMIg,,Jesus Center Church (JCC) Cijantung,Partner-provided,monetize,0,0.015283,0,0,0,0.015283,0.00840565,0,0,0,0.00840565
None,20240625,ID,lotBeiBlfkw,JCC Worship - Hari Terbaik (Cover),327,nonprofits,UCIimjC2xJp3Zi6CAr5-TMIg,,Jesus Center Church (JCC) Cijantung,Partner-provided,monetize,197,0.275368,0,0,0,0.275368,0.1514524,0,0,0,0.1514524
None,20240625,MY,lotBeiBlfkw,JCC Worship - Hari Terbaik (Cover),327,nonprofits,UCIimjC2xJp3Zi6CAr5-TMIg,,Jesus Center Church (JCC) Cijantung,Partner-provided,monetize,7,0.027456,0,0,0,0.027456,0.0151008,0,0,0,0.0151008
None,20240626,ID,lotBeiBlfkw,JCC Worship - Hari Terbaik (Cover),327,nonprofits,UCIimjC2xJp3Zi6CAr5-TMIg,,Jesus Center Church (JCC) Cijantung,Partner-provided,monetize,192,0.159741,0,0,0,0.159741,0.08785755,0,0,0,0.08785755
None,20240626,IN,lotBeiBlfkw,JCC Worship - Hari Terbaik (Cover),327,nonprofits,UCIimjC2xJp3Zi6CAr5-TMIg,,Jesus Center Church (JCC) Cijantung,Partner-provided,monetize,2,0,0,0,0,0,0,0,0,0,0
None,20240626,MY,lotBeiBlfkw,JCC Worship - Hari Terbaik (Cover),327,nonprofits,UCIimjC2xJp3Zi6CAr5-TMIg,,Jesus Center Church (JCC) Cijantung,Partner-provided,monetize,38,0.024111,0,0,0,0.024111,0.01326105,0,0,0,0.01326105
None,20240626,SG,lotBeiBlfkw,JCC Worship - Hari Terbaik (Cover),327,nonprofits,UCIimjC2xJp3Zi6CAr5-TMIg,thextracc,Jesus Center Church (JCC) Cijantung,Partner-provided,monetize,1,0,0,0,0,0,0,0,0,0,0
None,20240626,US,lotBeiBlfkw,JCC Worship - Hari Terbaik (Cover),327,nonprofits,UCIimjC2xJp3Zi6CAr5-TMIg,thextracc,Jesus Center Church (JCC) Cijantung,Partner-provided,monetize,1,0.007654,0,0,0,0.007654,0.0042097,0,0,0,0.0042097
None,20240627,BN,lotBeiBlfkw,JCC Worship - Hari Terbaik (Cover),327,nonprofits,UCIimjC2xJp3Zi6CAr5-TMIg,,Jesus Center Church (JCC) Cijantung,Partner-provided,track,1,0,0,0,0,0,0,0,0,0,0
None,20240627,ID,lotBeiBlfkw,JCC Worship - Hari Terbaik (Cover),327,nonprofits,UCIimjC2xJp3Zi6CAr5-TMIg,,Jesus Center Church (JCC) Cijantung,Partner-provided,monetize,249,0.222127,0,0,0,0.222127,0.12216985,0,0,0,0.12216985
None,20240627,JP,lotBeiBlfkw,JCC Worship - Hari Terbaik (Cover),327,nonprofits,UCIimjC2xJp3Zi6CAr5-TMIg,,Jesus Center Church (JCC) Cijantung,Partner-provided,monetize,1,0,0,0,0,0,0,0,0,0,0
None,20240627,KR,lotBeiBlfkw,JCC Worship - Hari Terbaik (Cover),327,nonprofits,UCIimjC2xJp3Zi6CAr5-TMIg,,Jesus Center Church (JCC) Cijantung,Partner-provided,monetize,1,0.000368,0,0,0,0.000368,0.0002024,0,0,0,0.0002024
None,20240627,MY,lotBeiBlfkw,JCC Worship - Hari Terbaik (Cover),327,nonprofits,UCIimjC2xJp3Zi6CAr5-TMIg,,Jesus Center Church (JCC) Cijantung,Partner-provided,monetize,34,0.036919,0,0,0,0.036919,0.02030545,0,0,0,0.02030545
None,20240627,TL,lotBeiBlfkw,JCC Worship - Hari Terbaik (Cover),327,nonprofits,UCIimjC2xJp3Zi6CAr5-TMIg,,Jesus Center Church (JCC) Cijantung,Partner-provided,track,1,0,0,0,0,0,0,0,0,0,0
None,20240627,US,lotBeiBlfkw,JCC Worship - Hari Terbaik (Cover),327,nonprofits,UCIimjC2xJp3Zi6CAr5-TMIg,,Jesus Center Church (JCC) Cijantung,Partner-provided,monetize,3,0.05264,0,0,0,0.05264,0.028952,0,0,0,0.028952
None,20240628,BN,lotBeiBlfkw,JCC Worship - Hari Terbaik (Cover),327,nonprofits,UCIimjC2xJp3Zi6CAr5-TMIg,,Jesus Center Church (JCC) Cijantung,Partner-provided,track,1,0,0,0,0,0,0,0,0,0,0
None,20240628,ID,lotBeiBlfkw,JCC Worship - Hari Terbaik (Cover),327,nonprofits,UCIimjC2xJp3Zi6CAr5-TMIg,,Jesus Center Church (JCC) Cijantung,Partner-provided,monetize,218,0.154452,0,0,0,0.154452,0.0849486,0,0,0,0.0849486
None,20240628,MY,lotBeiBlfkw,JCC Worship - Hari Terbaik (Cover),327,nonprofits,UCIimjC2xJp3Zi6CAr5-TMIg,,Jesus Center Church (JCC) Cijantung,Partner-provided,monetize,16,0.022963,0,0,0,0.022963,0.01262965,0,0,0,0.01262965
None,20240628,NL,lotBeiBlfkw,JCC Worship - Hari Terbaik (Cover),327,nonprofits,UCIimjC2xJp3Zi6CAr5-TMIg,,Jesus Center Church (JCC) Cijantung,Partner-provided,monetize,1,0.005958,0,0,0,0.005958,0.0032769,0,0,0,0.0032769
None,20240628,US,lotBeiBlfkw,JCC Worship - Hari Terbaik (Cover),327,nonprofits,UCIimjC2xJp3Zi6CAr5-TMIg,notbilltan,Jesus Center Church (JCC) Cijantung,Partner-provided,monetize,1,0,0,0,0,0,0,0,0,0,0
None,20240629,ID,lotBeiBlfkw,JCC Worship - Hari Terbaik (Cover),327,nonprofits,UCIimjC2xJp3Zi6CAr5-TMIg,,Jesus Center Church (JCC) Cijantung,Partner-provided,monetize,241,0.260769,0,0,0,0.260769,0.14342295,0,0,0,0.14342295
None,20240629,JP,lotBeiBlfkw,JCC Worship - Hari Terbaik (Cover),327,nonprofits,UCIimjC2xJp3Zi6CAr5-TMIg,,Jesus Center Church (JCC) Cijantung,Partner-provided,monetize,3,0.020707,0,0,0,0.020707,0.01138885,0,0,0,0.01138885
None,20240629,MY,lotBeiBlfkw,JCC Worship - Hari Terbaik (Cover),327,nonprofits,UCIimjC2xJp3Zi6CAr5-TMIg,,Jesus Center Church (JCC) Cijantung,Partner-provided,monetize,33,0.038589,0,0,0,0.038589,0.02122395,0,0,0,0.02122395
None,20240629,NZ,lotBeiBlfkw,JCC Worship - Hari Terbaik (Cover),327,nonprofits,UCIimjC2xJp3Zi6CAr5-TMIg,,Jesus Center Church (JCC) Cijantung,Partner-provided,monetize,1,0.016367,0,0,0,0.016367,0.00900185,0,0,0,0.00900185
None,20240629,PH,lotBeiBlfkw,JCC Worship - Hari Terbaik (Cover),327,nonprofits,UCIimjC2xJp3Zi6CAr5-TMIg,,Jesus Center Church (JCC) Cijantung,Partner-provided,monetize,2,0.002426,0,0,0,0.002426,0.0013343,0,0,0,0.0013343
None,20240629,US,lotBeiBlfkw,JCC Worship - Hari Terbaik (Cover),327,nonprofits,UCIimjC2xJp3Zi6CAr5-TMIg,,Jesus Center Church (JCC) Cijantung,Partner-provided,monetize,1,0.02029,0,0,0,0.02029,0.0111595,0,0,0,0.0111595
None,20240630,ID,lotBeiBlfkw,JCC Worship - Hari Terbaik (Cover),327,nonprofits,UCIimjC2xJp3Zi6CAr5-TMIg,,Jesus Center Church (JCC) Cijantung,Partner-provided,monetize,175,0.088191,0,0,0,0.088191,0.04850505,0,0,0,0.04850505
None,20240630,MY,lotBeiBlfkw,JCC Worship - Hari Terbaik (Cover),327,nonprofits,UCIimjC2xJp3Zi6CAr5-TMIg,,Jesus Center Church (JCC) Cijantung,Partner-provided,monetize,20,0.040428,0,0,0,0.040428,0.0222354,0,0,0,0.0222354
None,20240601,ID,lq2D3uVR4s4,JCC Worship - Bapa Kau Setia,419,entertainment,UCIimjC2xJp3Zi6CAr5-TMIg,,Jesus Center Church (JCC) Cijantung,Partner-provided,monetize,4,0.002574,0,0,0,0.002574,0.0014157,0,0,0,0.0014157
None,20240602,ID,lq2D3uVR4s4,JCC Worship - Bapa Kau Setia,419,entertainment,UCIimjC2xJp3Zi6CAr5-TMIg,,Jesus Center Church (JCC) Cijantung,Partner-provided,monetize,1,0,0,0,0,0,0,0,0,0,0
None,20240603,ID,lq2D3uVR4s4,JCC Worship - Bapa Kau Setia,419,entertainment,UCIimjC2xJp3Zi6CAr5-TMIg,,Jesus Center Church (JCC) Cijantung,Partner-provided,monetize,1,0.000244,0,0,0,0.000244,0.0001342,0,0,0,0.0001342
None,20240604,ID,lq2D3uVR4s4,JCC Worship - Bapa Kau Setia,419,entertainment,UCIimjC2xJp3Zi6CAr5-TMIg,,Jesus Center Church (JCC) Cijantung,Partner-provided,monetize,1,0,0,0,0,0,0,0,0,0,0
None,20240605,ID,lq2D3uVR4s4,JCC Worship - Bapa Kau Setia,419,entertainment,UCIimjC2xJp3Zi6CAr5-TMIg,,Jesus Center Church (JCC) Cijantung,Partner-provided,monetize,4,0.000948,0,0,0,0.000948,0.0005214,0,0,0,0.0005214
None,20240606,ID,lq2D3uVR4s4,JCC Worship - Bapa Kau Setia,419,entertainment,UCIimjC2xJp3Zi6CAr5-TMIg,,Jesus Center Church (JCC) Cijantung,Partner-provided,monetize,2,0.000372,0,0,0,0.000372,0.0002046,0,0,0,0.0002046
None,20240607,ID,lq2D3uVR4s4,JCC Worship - Bapa Kau Setia,419,entertainment,UCIimjC2xJp3Zi6CAr5-TMIg,,Jesus Center Church (JCC) Cijantung,Partner-provided,monetize,3,0.000672,0,0,0,0.000672,0.0003696,0,0,0,0.0003696
None,20240608,ID,lq2D3uVR4s4,JCC Worship - Bapa Kau Setia,419,entertainment,UCIimjC2xJp3Zi6CAr5-TMIg,,Jesus Center Church (JCC) Cijantung,Partner-provided,monetize,2,0.000848,0,0,0,0.000848,0.0004664,0,0,0,0.0004664
None,20240609,ID,lq2D3uVR4s4,JCC Worship - Bapa Kau Setia,419,entertainment,UCIimjC2xJp3Zi6CAr5-TMIg,,Jesus Center Church (JCC) Cijantung,Partner-provided,monetize,8,0.004483,0,0,0,0.004483,0.00246565,0,0,0,0.00246565
None,20240610,ID,lq2D3uVR4s4,JCC Worship - Bapa Kau Setia,419,entertainment,UCIimjC2xJp3Zi6CAr5-TMIg,,Jesus Center Church (JCC) Cijantung,Partner-provided,monetize,3,0.002926,0,0,0,0.002926,0.0016093,0,0,0,0.0016093
None,20240612,ID,lq2D3uVR4s4,JCC Worship - Bapa Kau Setia,419,entertainment,UCIimjC2xJp3Zi6CAr5-TMIg,,Jesus Center Church (JCC) Cijantung,Partner-provided,monetize,2,0.001788,0,0,0,0.001788,0.0009834,0,0,0,0.0009834
None,20240613,ID,lq2D3uVR4s4,JCC Worship - Bapa Kau Setia,419,entertainment,UCIimjC2xJp3Zi6CAr5-TMIg,,Jesus Center Church (JCC) Cijantung,Partner-provided,monetize,3,0.001042,0,0,0,0.001042,0.0005731,0,0,0,0.0005731
None,20240613,US,lq2D3uVR4s4,JCC Worship - Bapa Kau Setia,419,entertainment,UCIimjC2xJp3Zi6CAr5-TMIg,,Jesus Center Church (JCC) Cijantung,Partner-provided,monetize,1,0,0,0,0,0,0,0,0,0,0
None,20240615,ID,lq2D3uVR4s4,JCC Worship - Bapa Kau Setia,419,entertainment,UCIimjC2xJp3Zi6CAr5-TMIg,,Jesus Center Church (JCC) Cijantung,Partner-provided,monetize,1,0,0,0,0,0,0,0,0,0,0
None,20240616,ID,lq2D3uVR4s4,JCC Worship - Bapa Kau Setia,419,entertainment,UCIimjC2xJp3Zi6CAr5-TMIg,,Jesus Center Church (JCC) Cijantung,Partner-provided,monetize,3,0.006611,0,0,0,0.006611,0.00363605,0,0,0,0.00363605
None,20240617,ID,lq2D3uVR4s4,JCC Worship - Bapa Kau Setia,419,entertainment,UCIimjC2xJp3Zi6CAr5-TMIg,,Jesus Center Church (JCC) Cijantung,Partner-provided,monetize,1,0.00054,0,0,0,0.00054,0.000297,0,0,0,0.000297
None,20240618,ID,lq2D3uVR4s4,JCC Worship - Bapa Kau Setia,419,entertainment,UCIimjC2xJp3Zi6CAr5-TMIg,,Jesus Center Church (JCC) Cijantung,Partner-provided,monetize,1,0,0,0,0,0,0,0,0,0,0
None,20240619,ID,lq2D3uVR4s4,JCC Worship - Bapa Kau Setia,419,entertainment,UCIimjC2xJp3Zi6CAr5-TMIg,,Jesus Center Church (JCC) Cijantung,Partner-provided,monetize,2,0,0,0,0,0,0,0,0,0,0
None,20240620,ID,lq2D3uVR4s4,JCC Worship - Bapa Kau Setia,419,entertainment,UCIimjC2xJp3Zi6CAr5-TMIg,,Jesus Center Church (JCC) Cijantung,Partner-provided,monetize,1,0.001359,0,0,0,0.001359,0.00074745,0,0,0,0.00074745
None,20240621,ID,lq2D3uVR4s4,JCC Worship - Bapa Kau Setia,419,entertainment,UCIimjC2xJp3Zi6CAr5-TMIg,,Jesus Center Church (JCC) Cijantung,Partner-provided,monetize,3,0.001918,0,0,0,0.001918,0.0010549,0,0,0,0.0010549
None,20240622,ID,lq2D3uVR4s4,JCC Worship - Bapa Kau Setia,419,entertainment,UCIimjC2xJp3Zi6CAr5-TMIg,,Jesus Center Church (JCC) Cijantung,Partner-provided,monetize,4,0.001948,0,0,0,0.001948,0.0010714,0,0,0,0.0010714
None,20240623,ID,lq2D3uVR4s4,JCC Worship - Bapa Kau Setia,419,entertainment,UCIimjC2xJp3Zi6CAr5-TMIg,,Jesus Center Church (JCC) Cijantung,Partner-provided,monetize,4,0,0,0,0,0,0,0,0,0,0
None,20240624,ID,lq2D3uVR4s4,JCC Worship - Bapa Kau Setia,419,entertainment,UCIimjC2xJp3Zi6CAr5-TMIg,,Jesus Center Church (JCC) Cijantung,Partner-provided,monetize,1,0.000644,0,0,0,0.000644,0.0003542,0,0,0,0.0003542
None,20240625,ID,lq2D3uVR4s4,JCC Worship - Bapa Kau Setia,419,entertainment,UCIimjC2xJp3Zi6CAr5-TMIg,,Jesus Center Church (JCC) Cijantung,Partner-provided,monetize,7,0.001335,0,0,0,0.001335,0.00073425,0,0,0,0.00073425
None,20240625,MY,lq2D3uVR4s4,JCC Worship - Bapa Kau Setia,419,entertainment,UCIimjC2xJp3Zi6CAr5-TMIg,,Jesus Center Church (JCC) Cijantung,Partner-provided,monetize,1,0,0,0,0,0,0,0,0,0,0
None,20240625,SG,lq2D3uVR4s4,JCC Worship - Bapa Kau Setia,419,entertainment,UCIimjC2xJp3Zi6CAr5-TMIg,soundofpraiseofficia,Jesus Center Church (JCC) Cijantung,Partner-provided,monetize,1,0,0,0,0,0,0,0,0,0,0
None,20240625,US,lq2D3uVR4s4,JCC Worship - Bapa Kau Setia,419,entertainment,UCIimjC2xJp3Zi6CAr5-TMIg,soundofpraiseofficia,Jesus Center Church (JCC) Cijantung,Partner-provided,monetize,1,0,0,0,0,0,0,0,0,0,0
None,20240626,ID,lq2D3uVR4s4,JCC Worship - Bapa Kau Setia,419,entertainment,UCIimjC2xJp3Zi6CAr5-TMIg,soundofpraiseofficia,Jesus Center Church (JCC) Cijantung,Partner-provided,monetize,4,0.001006,0,0,0,0.001006,0.0005533,0,0,0,0.0005533
None,20240626,MY,lq2D3uVR4s4,JCC Worship - Bapa Kau Setia,419,entertainment,UCIimjC2xJp3Zi6CAr5-TMIg,soundofpraiseofficia,Jesus Center Church (JCC) Cijantung,Partner-provided,monetize,1,0,0,0,0,0,0,0,0,0,0
None,20240627,ID,lq2D3uVR4s4,JCC Worship - Bapa Kau Setia,419,entertainment,UCIimjC2xJp3Zi6CAr5-TMIg,soundofpraiseofficia,Jesus Center Church (JCC) Cijantung,Partner-provided,monetize,5,0.0004,0,0,0,0.0004,0.00022,0,0,0,0.00022
None,20240628,ID,lq2D3uVR4s4,JCC Worship - Bapa Kau Setia,419,entertainment,UCIimjC2xJp3Zi6CAr5-TMIg,soundofpraiseofficia,Jesus Center Church (JCC) Cijantung,Partner-provided,monetize,5,0.001351,0,0,0,0.001351,0.00074305,0,0,0,0.00074305
None,20240628,MY,lq2D3uVR4s4,JCC Worship - Bapa Kau Setia,419,entertainment,UCIimjC2xJp3Zi6CAr5-TMIg,soundofpraiseofficia,Jesus Center Church (JCC) Cijantung,Partner-provided,monetize,1,0.002001,0,0,0,0.002001,0.00110055,0,0,0,0.00110055
None,20240629,ID,lq2D3uVR4s4,JCC Worship - Bapa Kau Setia,419,entertainment,UCIimjC2xJp3Zi6CAr5-TMIg,soundofpraiseofficia,Jesus Center Church (JCC) Cijantung,Partner-provided,monetize,10,0.000418,0,0,0,0.000418,0.0002299,0,0,0,0.0002299
None,20240629,US,lq2D3uVR4s4,JCC Worship - Bapa Kau Setia,419,entertainment,UCIimjC2xJp3Zi6CAr5-TMIg,soundofpraiseofficia,Jesus Center Church (JCC) Cijantung,Partner-provided,monetize,1,0,0,0,0,0,0,0,0,0,0
None,20240630,ID,lq2D3uVR4s4,JCC Worship - Bapa Kau Setia,419,entertainment,UCIimjC2xJp3Zi6CAr5-TMIg,soundofpraiseofficia,Jesus Center Church (JCC) Cijantung,Partner-provided,monetize,8,0.003284,0,0,0,0.003284,0.0018062,0,0,0,0.0018062
"None,20240601,ID,oPCepH_sfgY,""JCC Worship, Michael Panjaitan - Tuhan yang Benar"",267,music,UCIimjC2xJp3Zi6CAr5-TMIg,,Jesus Center Church (JCC) Cijantung,Partner-provided,monetize,2,0.000407,0,0,0,0.000407,0.00022385,0,0,0,0.00022385"
"None,20240603,ID,oPCepH_sfgY,""JCC Worship, Michael Panjaitan - Tuhan yang Benar"",267,music,UCIimjC2xJp3Zi6CAr5-TMIg,,Jesus Center Church (JCC) Cijantung,Partner-provided,monetize,1,0,0,0,0,0,0,0,0,0,0"
"None,20240605,ID,oPCepH_sfgY,""JCC Worship, Michael Panjaitan - Tuhan yang Benar"",267,music,UCIimjC2xJp3Zi6CAr5-TMIg,,Jesus Center Church (JCC) Cijantung,Partner-provided,monetize,1,0,0,0,0,0,0,0,0,0,0"
"None,20240606,ID,oPCepH_sfgY,""JCC Worship, Michael Panjaitan - Tuhan yang Benar"",267,music,UCIimjC2xJp3Zi6CAr5-TMIg,,Jesus Center Church (JCC) Cijantung,Partner-provided,monetize,1,0,0,0,0,0,0,0,0,0,0"
"None,20240607,ID,oPCepH_sfgY,""JCC Worship, Michael Panjaitan - Tuhan yang Benar"",267,music,UCIimjC2xJp3Zi6CAr5-TMIg,,Jesus Center Church (JCC) Cijantung,Partner-provided,monetize,2,0,0,0,0,0,0,0,0,0,0"
"None,20240608,ID,oPCepH_sfgY,""JCC Worship, Michael Panjaitan - Tuhan yang Benar"",267,music,UCIimjC2xJp3Zi6CAr5-TMIg,,Jesus Center Church (JCC) Cijantung,Partner-provided,monetize,2,0,0,0,0,0,0,0,0,0,0"
"None,20240609,ID,oPCepH_sfgY,""JCC Worship, Michael Panjaitan - Tuhan yang Benar"",267,music,UCIimjC2xJp3Zi6CAr5-TMIg,,Jesus Center Church (JCC) Cijantung,Partner-provided,monetize,1,0,0,0,0,0,0,0,0,0,0"
"None,20240611,ID,oPCepH_sfgY,""JCC Worship, Michael Panjaitan - Tuhan yang Benar"",267,music,UCIimjC2xJp3Zi6CAr5-TMIg,,Jesus Center Church (JCC) Cijantung,Partner-provided,monetize,2,0.000388,0,0,0,0.000388,0.0002134,0,0,0,0.0002134"
"None,20240612,ID,oPCepH_sfgY,""JCC Worship, Michael Panjaitan - Tuhan yang Benar"",267,music,UCIimjC2xJp3Zi6CAr5-TMIg,,Jesus Center Church (JCC) Cijantung,Partner-provided,monetize,2,0,0,0,0,0,0,0,0,0,0"
"None,20240613,ID,oPCepH_sfgY,""JCC Worship, Michael Panjaitan - Tuhan yang Benar"",267,music,UCIimjC2xJp3Zi6CAr5-TMIg,,Jesus Center Church (JCC) Cijantung,Partner-provided,monetize,1,0.000386,0,0,0,0.000386,0.0002123,0,0,0,0.0002123"
"None,20240615,ID,oPCepH_sfgY,""JCC Worship, Michael Panjaitan - Tuhan yang Benar"",267,music,UCIimjC2xJp3Zi6CAr5-TMIg,,Jesus Center Church (JCC) Cijantung,Partner-provided,monetize,3,0,0,0,0,0,0,0,0,0,0"
"None,20240615,MY,oPCepH_sfgY,""JCC Worship, Michael Panjaitan - Tuhan yang Benar"",267,music,UCIimjC2xJp3Zi6CAr5-TMIg,,Jesus Center Church (JCC) Cijantung,Partner-provided,monetize,1,0,0,0,0,0,0,0,0,0,0"
"None,20240616,ID,oPCepH_sfgY,""JCC Worship, Michael Panjaitan - Tuhan yang Benar"",267,music,UCIimjC2xJp3Zi6CAr5-TMIg,,Jesus Center Church (JCC) Cijantung,Partner-provided,monetize,1,0.000214,0,0,0,0.000214,0.0001177,0,0,0,0.0001177"
"None,20240617,ID,oPCepH_sfgY,""JCC Worship, Michael Panjaitan - Tuhan yang Benar"",267,music,UCIimjC2xJp3Zi6CAr5-TMIg,,Jesus Center Church (JCC) Cijantung,Partner-provided,monetize,3,0.000723,0,0,0,0.000723,0.00039765,0,0,0,0.00039765"
"None,20240618,ID,oPCepH_sfgY,""JCC Worship, Michael Panjaitan - Tuhan yang Benar"",267,music,UCIimjC2xJp3Zi6CAr5-TMIg,,Jesus Center Church (JCC) Cijantung,Partner-provided,monetize,2,0,0,0,0,0,0,0,0,0,0"
"None,20240621,ID,oPCepH_sfgY,""JCC Worship, Michael Panjaitan - Tuhan yang Benar"",267,music,UCIimjC2xJp3Zi6CAr5-TMIg,,Jesus Center Church (JCC) Cijantung,Partner-provided,monetize,1,0,0,0,0,0,0,0,0,0,0"
"None,20240623,ID,oPCepH_sfgY,""JCC Worship, Michael Panjaitan - Tuhan yang Benar"",267,music,UCIimjC2xJp3Zi6CAr5-TMIg,,Jesus Center Church (JCC) Cijantung,Partner-provided,monetize,1,0,0,0,0,0,0,0,0,0,0"
"None,20240623,MY,oPCepH_sfgY,""JCC Worship, Michael Panjaitan - Tuhan yang Benar"",267,music,UCIimjC2xJp3Zi6CAr5-TMIg,,Jesus Center Church (JCC) Cijantung,Partner-provided,monetize,1,0,0,0,0,0,0,0,0,0,0"
"None,20240624,ID,oPCepH_sfgY,""JCC Worship, Michael Panjaitan - Tuhan yang Benar"",267,music,UCIimjC2xJp3Zi6CAr5-TMIg,,Jesus Center Church (JCC) Cijantung,Partner-provided,monetize,1,0.000808,0,0,0,0.000808,0.0004444,0,0,0,0.0004444"
"None,20240625,ID,oPCepH_sfgY,""JCC Worship, Michael Panjaitan - Tuhan yang Benar"",267,music,UCIimjC2xJp3Zi6CAr5-TMIg,,Jesus Center Church (JCC) Cijantung,Partner-provided,monetize,2,0,0,0,0,0,0,0,0,0,0"
"None,20240625,NL,oPCepH_sfgY,""JCC Worship, Michael Panjaitan - Tuhan yang Benar"",267,music,UCIimjC2xJp3Zi6CAr5-TMIg,,Jesus Center Church (JCC) Cijantung,Partner-provided,monetize,1,0,0,0,0,0,0,0,0,0,0"
"None,20240627,ID,oPCepH_sfgY,""JCC Worship, Michael Panjaitan - Tuhan yang Benar"",267,music,UCIimjC2xJp3Zi6CAr5-TMIg,,Jesus Center Church (JCC) Cijantung,Partner-provided,monetize,1,0.000475,0,0,0,0.000475,0.00026125,0,0,0,0.00026125"
"None,20240628,ID,oPCepH_sfgY,""JCC Worship, Michael Panjaitan - Tuhan yang Benar"",267,music,UCIimjC2xJp3Zi6CAr5-TMIg,,Jesus Center Church (JCC) Cijantung,Partner-provided,monetize,2,0.000934,0,0,0,0.000934,0.0005137,0,0,0,0.0005137"
"None,20240629,ID,oPCepH_sfgY,""JCC Worship, Michael Panjaitan - Tuhan yang Benar"",267,music,UCIimjC2xJp3Zi6CAr5-TMIg,,Jesus Center Church (JCC) Cijantung,Partner-provided,monetize,2,0.000664,0,0,0,0.000664,0.0003652,0,0,0,0.0003652"
None,20240601,ID,odn9tedLJaY,JCC Worship - Kuberserah [Official Music Video],351,nonprofits,UCIimjC2xJp3Zi6CAr5-TMIg,,Jesus Center Church (JCC) Cijantung,Partner-provided,monetize,12,0.005977,0,0,0,0.005977,0.00328735,0,0,0,0.00328735
None,20240601,MY,odn9tedLJaY,JCC Worship - Kuberserah [Official Music Video],351,nonprofits,UCIimjC2xJp3Zi6CAr5-TMIg,,Jesus Center Church (JCC) Cijantung,Partner-provided,monetize,1,0,0,0,0,0,0,0,0,0,0
None,20240602,ID,odn9tedLJaY,JCC Worship - Kuberserah [Official Music Video],351,nonprofits,UCIimjC2xJp3Zi6CAr5-TMIg,,Jesus Center Church (JCC) Cijantung,Partner-provided,monetize,16,0.072496,0,0,0,0.072496,0.0398728,0,0,0,0.0398728
None,20240602,MY,odn9tedLJaY,JCC Worship - Kuberserah [Official Music Video],351,nonprofits,UCIimjC2xJp3Zi6CAr5-TMIg,,Jesus Center Church (JCC) Cijantung,Partner-provided,monetize,1,0,0,0,0,0,0,0,0,0,0
None,20240602,SG,odn9tedLJaY,JCC Worship - Kuberserah [Official Music Video],351,nonprofits,UCIimjC2xJp3Zi6CAr5-TMIg,,Jesus Center Church (JCC) Cijantung,Partner-provided,monetize,1,0,0,0,0,0,0,0,0,0,0
None,20240602,TL,odn9tedLJaY,JCC Worship - Kuberserah [Official Music Video],351,nonprofits,UCIimjC2xJp3Zi6CAr5-TMIg,,Jesus Center Church (JCC) Cijantung,Partner-provided,monetize,1,0,0,0,0,0,0,0,0,0,0
None,20240603,ID,odn9tedLJaY,JCC Worship - Kuberserah [Official Music Video],351,nonprofits,UCIimjC2xJp3Zi6CAr5-TMIg,,Jesus Center Church (JCC) Cijantung,Partner-provided,monetize,16,0.0097,0,0,0,0.0097,0.005335,0,0,0,0.005335
None,20240604,ID,odn9tedLJaY,JCC Worship - Kuberserah [Official Music Video],351,nonprofits,UCIimjC2xJp3Zi6CAr5-TMIg,,Jesus Center Church (JCC) Cijantung,Partner-provided,monetize,10,0.008437,0,0,0,0.008437,0.00464035,0,0,0,0.00464035
None,20240605,ID,odn9tedLJaY,JCC Worship - Kuberserah [Official Music Video],351,nonprofits,UCIimjC2xJp3Zi6CAr5-TMIg,,Jesus Center Church (JCC) Cijantung,Partner-provided,monetize,17,0.00611,0,0,0,0.00611,0.0033605,0,0,0,0.0033605
None,20240606,ID,odn9tedLJaY,JCC Worship - Kuberserah [Official Music Video],351,nonprofits,UCIimjC2xJp3Zi6CAr5-TMIg,impactfirman,Jesus Center Church (JCC) Cijantung,Partner-provided,monetize,15,0.004817,0,0,0,0.004817,0.00264935,0,0,0,0.00264935
None,20240607,ID,odn9tedLJaY,JCC Worship - Kuberserah [Official Music Video],351,nonprofits,UCIimjC2xJp3Zi6CAr5-TMIg,impactfirman,Jesus Center Church (JCC) Cijantung,Partner-provided,monetize,15,0.022566,0,0,0,0.022566,0.0124113,0,0,0,0.0124113
None,20240607,MY,odn9tedLJaY,JCC Worship - Kuberserah [Official Music Video],351,nonprofits,UCIimjC2xJp3Zi6CAr5-TMIg,,Jesus Center Church (JCC) Cijantung,Partner-provided,monetize,2,0.001795,0,0,0,0.001795,0.00098725,0,0,0,0.00098725
None,20240608,ID,odn9tedLJaY,JCC Worship - Kuberserah [Official Music Video],351,nonprofits,UCIimjC2xJp3Zi6CAr5-TMIg,,Jesus Center Church (JCC) Cijantung,Partner-provided,monetize,12,0.054681,0,0,0,0.054681,0.03007455,0,0,0,0.03007455
None,20240609,ID,odn9tedLJaY,JCC Worship - Kuberserah [Official Music Video],351,nonprofits,UCIimjC2xJp3Zi6CAr5-TMIg,,Jesus Center Church (JCC) Cijantung,Partner-provided,monetize,19,0.009214,0,0,0,0.009214,0.0050677,0,0,0,0.0050677
None,20240610,ID,odn9tedLJaY,JCC Worship - Kuberserah [Official Music Video],351,nonprofits,UCIimjC2xJp3Zi6CAr5-TMIg,,Jesus Center Church (JCC) Cijantung,Partner-provided,monetize,14,0.007737,0,0,0,0.007737,0.00425535,0,0,0,0.00425535
None,20240610,MY,odn9tedLJaY,JCC Worship - Kuberserah [Official Music Video],351,nonprofits,UCIimjC2xJp3Zi6CAr5-TMIg,,Jesus Center Church (JCC) Cijantung,Partner-provided,monetize,1,0.00126,0,0,0,0.00126,0.000693,0,0,0,0.000693
None,20240611,ID,odn9tedLJaY,JCC Worship - Kuberserah [Official Music Video],351,nonprofits,UCIimjC2xJp3Zi6CAr5-TMIg,,Jesus Center Church (JCC) Cijantung,Partner-provided,monetize,19,0.007618,0,0,0,0.007618,0.0041899,0,0,0,0.0041899
None,20240611,IQ,odn9tedLJaY,JCC Worship - Kuberserah [Official Music Video],351,nonprofits,UCIimjC2xJp3Zi6CAr5-TMIg,,Jesus Center Church (JCC) Cijantung,Partner-provided,monetize,1,0,0,0,0,0,0,0,0,0,0
None,20240612,ID,odn9tedLJaY,JCC Worship - Kuberserah [Official Music Video],351,nonprofits,UCIimjC2xJp3Zi6CAr5-TMIg,,Jesus Center Church (JCC) Cijantung,Partner-provided,monetize,15,0.011424,0,0,0,0.011424,0.0062832,0,0,0,0.0062832
None,20240612,MY,odn9tedLJaY,JCC Worship - Kuberserah [Official Music Video],351,nonprofits,UCIimjC2xJp3Zi6CAr5-TMIg,,Jesus Center Church (JCC) Cijantung,Partner-provided,monetize,1,0,0,0,0,0,0,0,0,0,0
None,20240613,ID,odn9tedLJaY,JCC Worship - Kuberserah [Official Music Video],351,nonprofits,UCIimjC2xJp3Zi6CAr5-TMIg,,Jesus Center Church (JCC) Cijantung,Partner-provided,monetize,16,0.011576,0,0,0,0.011576,0.0063668,0,0,0,0.0063668
None,20240613,MY,odn9tedLJaY,JCC Worship - Kuberserah [Official Music Video],351,nonprofits,UCIimjC2xJp3Zi6CAr5-TMIg,,Jesus Center Church (JCC) Cijantung,Partner-provided,monetize,1,0,0,0,0,0,0,0,0,0,0
None,20240614,ID,odn9tedLJaY,JCC Worship - Kuberserah [Official Music Video],351,nonprofits,UCIimjC2xJp3Zi6CAr5-TMIg,,Jesus Center Church (JCC) Cijantung,Partner-provided,monetize,27,0.014549,0,0,0,0.014549,0.00800195,0,0,0,0.00800195
None,20240614,MY,odn9tedLJaY,JCC Worship - Kuberserah [Official Music Video],351,nonprofits,UCIimjC2xJp3Zi6CAr5-TMIg,,Jesus Center Church (JCC) Cijantung,Partner-provided,monetize,1,0.002351,0,0,0,0.002351,0.00129305,0,0,0,0.00129305
None,20240615,ID,odn9tedLJaY,JCC Worship - Kuberserah [Official Music Video],351,nonprofits,UCIimjC2xJp3Zi6CAr5-TMIg,,Jesus Center Church (JCC) Cijantung,Partner-provided,monetize,27,0.020055,0,0,0,0.020055,0.01103025,0,0,0,0.01103025
None,20240615,MY,odn9tedLJaY,JCC Worship - Kuberserah [Official Music Video],351,nonprofits,UCIimjC2xJp3Zi6CAr5-TMIg,,Jesus Center Church (JCC) Cijantung,Partner-provided,monetize,1,0.004484,0,0,0,0.004484,0.0024662,0,0,0,0.0024662
None,20240615,US,odn9tedLJaY,JCC Worship - Kuberserah [Official Music Video],351,nonprofits,UCIimjC2xJp3Zi6CAr5-TMIg,,Jesus Center Church (JCC) Cijantung,Partner-provided,monetize,1,0.0147,0,0,0,0.0147,0.008085,0,0,0,0.008085
None,20240616,ID,odn9tedLJaY,JCC Worship - Kuberserah [Official Music Video],351,nonprofits,UCIimjC2xJp3Zi6CAr5-TMIg,,Jesus Center Church (JCC) Cijantung,Partner-provided,monetize,18,0.007692,0,0,0,0.007692,0.0042306,0,0,0,0.0042306
None,20240616,MY,odn9tedLJaY,JCC Worship - Kuberserah [Official Music Video],351,nonprofits,UCIimjC2xJp3Zi6CAr5-TMIg,,Jesus Center Church (JCC) Cijantung,Partner-provided,monetize,1,0.001422,0,0,0,0.001422,0.0007821,0,0,0,0.0007821
None,20240617,ID,odn9tedLJaY,JCC Worship - Kuberserah [Official Music Video],351,nonprofits,UCIimjC2xJp3Zi6CAr5-TMIg,,Jesus Center Church (JCC) Cijantung,Partner-provided,monetize,17,0.012852,0,0,0,0.012852,0.0070686,0,0,0,0.0070686
None,20240618,ID,odn9tedLJaY,JCC Worship - Kuberserah [Official Music Video],351,nonprofits,UCIimjC2xJp3Zi6CAr5-TMIg,,Jesus Center Church (JCC) Cijantung,Partner-provided,monetize,10,0.005872,0,0,0,0.005872,0.0032296,0,0,0,0.0032296
None,20240619,HK,odn9tedLJaY,JCC Worship - Kuberserah [Official Music Video],351,nonprofits,UCIimjC2xJp3Zi6CAr5-TMIg,,Jesus Center Church (JCC) Cijantung,Partner-provided,monetize,1,0.001558,0,0,0,0.001558,0.0008569,0,0,0,0.0008569
None,20240619,ID,odn9tedLJaY,JCC Worship - Kuberserah [Official Music Video],351,nonprofits,UCIimjC2xJp3Zi6CAr5-TMIg,,Jesus Center Church (JCC) Cijantung,Partner-provided,monetize,17,0.006133,0,0,0,0.006133,0.00337315,0,0,0,0.00337315
None,20240619,US,odn9tedLJaY,JCC Worship - Kuberserah [Official Music Video],351,nonprofits,UCIimjC2xJp3Zi6CAr5-TMIg,,Jesus Center Church (JCC) Cijantung,Partner-provided,monetize,2,0.002028,0,0,0,0.002028,0.0011154,0,0,0,0.0011154
None,20240620,ID,odn9tedLJaY,JCC Worship - Kuberserah [Official Music Video],351,nonprofits,UCIimjC2xJp3Zi6CAr5-TMIg,,Jesus Center Church (JCC) Cijantung,Partner-provided,monetize,14,0.014798,0,0,0,0.014798,0.0081389,0,0,0,0.0081389
None,20240620,MY,odn9tedLJaY,JCC Worship - Kuberserah [Official Music Video],351,nonprofits,UCIimjC2xJp3Zi6CAr5-TMIg,,Jesus Center Church (JCC) Cijantung,Partner-provided,monetize,2,0,0,0,0,0,0,0,0,0,0
None,20240620,US,odn9tedLJaY,JCC Worship - Kuberserah [Official Music Video],351,nonprofits,UCIimjC2xJp3Zi6CAr5-TMIg,,Jesus Center Church (JCC) Cijantung,Partner-provided,monetize,1,0.014781,0,0,0,0.014781,0.00812955,0,0,0,0.00812955
None,20240621,ID,odn9tedLJaY,JCC Worship - Kuberserah [Official Music Video],351,nonprofits,UCIimjC2xJp3Zi6CAr5-TMIg,,Jesus Center Church (JCC) Cijantung,Partner-provided,monetize,10,0.030473,0,0,0,0.030473,0.01676015,0,0,0,0.01676015
None,20240621,MY,odn9tedLJaY,JCC Worship - Kuberserah [Official Music Video],351,nonprofits,UCIimjC2xJp3Zi6CAr5-TMIg,,Jesus Center Church (JCC) Cijantung,Partner-provided,monetize,1,0,0,0,0,0,0,0,0,0,0
None,20240622,HK,odn9tedLJaY,JCC Worship - Kuberserah [Official Music Video],351,nonprofits,UCIimjC2xJp3Zi6CAr5-TMIg,,Jesus Center Church (JCC) Cijantung,Partner-provided,monetize,1,0.001533,0,0,0,0.001533,0.00084315,0,0,0,0.00084315
None,20240622,ID,odn9tedLJaY,JCC Worship - Kuberserah [Official Music Video],351,nonprofits,UCIimjC2xJp3Zi6CAr5-TMIg,,Jesus Center Church (JCC) Cijantung,Partner-provided,monetize,17,0.012395,0,0,0,0.012395,0.00681725,0,0,0,0.00681725
None,20240623,ID,odn9tedLJaY,JCC Worship - Kuberserah [Official Music Video],351,nonprofits,UCIimjC2xJp3Zi6CAr5-TMIg,impactfirman,Jesus Center Church (JCC) Cijantung,Partner-provided,monetize,9,0.002197,0,0,0,0.002197,0.00120835,0,0,0,0.00120835
None,20240624,ID,odn9tedLJaY,JCC Worship - Kuberserah [Official Music Video],351,nonprofits,UCIimjC2xJp3Zi6CAr5-TMIg,impactfirman,Jesus Center Church (JCC) Cijantung,Partner-provided,monetize,13,0.005966,0,0,0,0.005966,0.0032813,0,0,0,0.0032813
None,20240624,MY,odn9tedLJaY,JCC Worship - Kuberserah [Official Music Video],351,nonprofits,UCIimjC2xJp3Zi6CAr5-TMIg,,Jesus Center Church (JCC) Cijantung,Partner-provided,monetize,1,0.000646,0,0,0,0.000646,0.0003553,0,0,0,0.0003553
None,20240625,ID,odn9tedLJaY,JCC Worship - Kuberserah [Official Music Video],351,nonprofits,UCIimjC2xJp3Zi6CAr5-TMIg,,Jesus Center Church (JCC) Cijantung,Partner-provided,monetize,18,0.034376,0,0,0,0.034376,0.0189068,0,0,0,0.0189068
None,20240626,AU,odn9tedLJaY,JCC Worship - Kuberserah [Official Music Video],351,nonprofits,UCIimjC2xJp3Zi6CAr5-TMIg,,Jesus Center Church (JCC) Cijantung,Partner-provided,monetize,1,0,0,0,0,0,0,0,0,0,0
None,20240626,ID,odn9tedLJaY,JCC Worship - Kuberserah [Official Music Video],351,nonprofits,UCIimjC2xJp3Zi6CAr5-TMIg,,Jesus Center Church (JCC) Cijantung,Partner-provided,monetize,29,0.022569,0,0,0,0.022569,0.01241295,0,0,0,0.01241295
None,20240626,MY,odn9tedLJaY,JCC Worship - Kuberserah [Official Music Video],351,nonprofits,UCIimjC2xJp3Zi6CAr5-TMIg,,Jesus Center Church (JCC) Cijantung,Partner-provided,monetize,1,0,0,0,0,0,0,0,0,0,0
None,20240626,SG,odn9tedLJaY,JCC Worship - Kuberserah [Official Music Video],351,nonprofits,UCIimjC2xJp3Zi6CAr5-TMIg,,Jesus Center Church (JCC) Cijantung,Partner-provided,monetize,1,0.008509,0,0,0,0.008509,0.00467995,0,0,0,0.00467995
None,20240626,US,odn9tedLJaY,JCC Worship - Kuberserah [Official Music Video],351,nonprofits,UCIimjC2xJp3Zi6CAr5-TMIg,,Jesus Center Church (JCC) Cijantung,Partner-provided,monetize,1,0.024011,0,0,0,0.024011,0.01320605,0,0,0,0.01320605
None,20240627,ID,odn9tedLJaY,JCC Worship - Kuberserah [Official Music Video],351,nonprofits,UCIimjC2xJp3Zi6CAr5-TMIg,,Jesus Center Church (JCC) Cijantung,Partner-provided,monetize,35,0.027611,0,0,0,0.027611,0.01518605,0,0,0,0.01518605
None,20240627,MY,odn9tedLJaY,JCC Worship - Kuberserah [Official Music Video],351,nonprofits,UCIimjC2xJp3Zi6CAr5-TMIg,,Jesus Center Church (JCC) Cijantung,Partner-provided,monetize,1,0.005292,0,0,0,0.005292,0.0029106,0,0,0,0.0029106
None,20240627,US,odn9tedLJaY,JCC Worship - Kuberserah [Official Music Video],351,nonprofits,UCIimjC2xJp3Zi6CAr5-TMIg,,Jesus Center Church (JCC) Cijantung,Partner-provided,monetize,1,0.011629,0,0,0,0.011629,0.00639595,0,0,0,0.00639595
None,20240628,ID,odn9tedLJaY,JCC Worship - Kuberserah [Official Music Video],351,nonprofits,UCIimjC2xJp3Zi6CAr5-TMIg,,Jesus Center Church (JCC) Cijantung,Partner-provided,monetize,13,0.010494,0,0,0,0.010494,0.0057717,0,0,0,0.0057717
None,20240628,PH,odn9tedLJaY,JCC Worship - Kuberserah [Official Music Video],351,nonprofits,UCIimjC2xJp3Zi6CAr5-TMIg,,Jesus Center Church (JCC) Cijantung,Partner-provided,monetize,2,0.00335,0,0,0,0.00335,0.0018425,0,0,0,0.0018425
None,20240628,SG,odn9tedLJaY,JCC Worship - Kuberserah [Official Music Video],351,nonprofits,UCIimjC2xJp3Zi6CAr5-TMIg,,Jesus Center Church (JCC) Cijantung,Partner-provided,monetize,1,0.00784,0,0,0,0.00784,0.004312,0,0,0,0.004312
None,20240629,AU,odn9tedLJaY,JCC Worship - Kuberserah [Official Music Video],351,nonprofits,UCIimjC2xJp3Zi6CAr5-TMIg,,Jesus Center Church (JCC) Cijantung,Partner-provided,monetize,1,0.001859,0,0,0,0.001859,0.00102245,0,0,0,0.00102245
None,20240629,ID,odn9tedLJaY,JCC Worship - Kuberserah [Official Music Video],351,nonprofits,UCIimjC2xJp3Zi6CAr5-TMIg,,Jesus Center Church (JCC) Cijantung,Partner-provided,monetize,11,0.007011,0,0,0,0.007011,0.00385605,0,0,0,0.00385605
None,20240630,GB,odn9tedLJaY,JCC Worship - Kuberserah [Official Music Video],351,nonprofits,UCIimjC2xJp3Zi6CAr5-TMIg,,Jesus Center Church (JCC) Cijantung,Partner-provided,monetize,1,0.007422,0,0,0,0.007422,0.0040821,0,0,0,0.0040821
None,20240630,ID,odn9tedLJaY,JCC Worship - Kuberserah [Official Music Video],351,nonprofits,UCIimjC2xJp3Zi6CAr5-TMIg,,Jesus Center Church (JCC) Cijantung,Partner-provided,monetize,24,0.012802,0,0,0,0.012802,0.0070411,0,0,0,0.0070411
None,20240630,MY,odn9tedLJaY,JCC Worship - Kuberserah [Official Music Video],351,nonprofits,UCIimjC2xJp3Zi6CAr5-TMIg,,Jesus Center Church (JCC) Cijantung,Partner-provided,monetize,3,0.005249,0,0,0,0.005249,0.00288695,0,0,0,0.00288695
None,20240601,ID,pg85-JQtelQ,JCC Worship - Sukacita With Orchestra,209,nonprofits,UCIimjC2xJp3Zi6CAr5-TMIg,,Jesus Center Church (JCC) Cijantung,Partner-provided,monetize,1,0,0,0,0,0,0,0,0,0,0
None,20240602,ID,pg85-JQtelQ,JCC Worship - Sukacita With Orchestra,209,nonprofits,UCIimjC2xJp3Zi6CAr5-TMIg,,Jesus Center Church (JCC) Cijantung,Partner-provided,monetize,1,0,0,0,0,0,0,0,0,0,0
None,20240604,ID,pg85-JQtelQ,JCC Worship - Sukacita With Orchestra,209,nonprofits,UCIimjC2xJp3Zi6CAr5-TMIg,,Jesus Center Church (JCC) Cijantung,Partner-provided,monetize,1,0,0,0,0,0,0,0,0,0,0
None,20240605,ID,pg85-JQtelQ,JCC Worship - Sukacita With Orchestra,209,nonprofits,UCIimjC2xJp3Zi6CAr5-TMIg,,Jesus Center Church (JCC) Cijantung,Partner-provided,monetize,1,0,0,0,0,0,0,0,0,0,0
None,20240607,ID,pg85-JQtelQ,JCC Worship - Sukacita With Orchestra,209,nonprofits,UCIimjC2xJp3Zi6CAr5-TMIg,,Jesus Center Church (JCC) Cijantung,Partner-provided,monetize,1,0,0,0,0,0,0,0,0,0,0
None,20240608,JP,pg85-JQtelQ,JCC Worship - Sukacita With Orchestra,209,nonprofits,UCIimjC2xJp3Zi6CAr5-TMIg,,Jesus Center Church (JCC) Cijantung,Partner-provided,monetize,1,0,0,0,0,0,0,0,0,0,0
None,20240608,SG,pg85-JQtelQ,JCC Worship - Sukacita With Orchestra,209,nonprofits,UCIimjC2xJp3Zi6CAr5-TMIg,,Jesus Center Church (JCC) Cijantung,Partner-provided,monetize,1,0.001678,0,0,0,0.001678,0.0009229,0,0,0,0.0009229
None,20240609,ID,pg85-JQtelQ,JCC Worship - Sukacita With Orchestra,209,nonprofits,UCIimjC2xJp3Zi6CAr5-TMIg,,Jesus Center Church (JCC) Cijantung,Partner-provided,monetize,0,0.00328,0,0,0,0.00328,0.001804,0,0,0,0.001804
None,20240610,ID,pg85-JQtelQ,JCC Worship - Sukacita With Orchestra,209,nonprofits,UCIimjC2xJp3Zi6CAr5-TMIg,,Jesus Center Church (JCC) Cijantung,Partner-provided,monetize,1,0,0,0,0,0,0,0,0,0,0
None,20240611,MY,pg85-JQtelQ,JCC Worship - Sukacita With Orchestra,209,nonprofits,UCIimjC2xJp3Zi6CAr5-TMIg,,Jesus Center Church (JCC) Cijantung,Partner-provided,monetize,1,0,0,0,0,0,0,0,0,0,0
None,20240611,US,pg85-JQtelQ,JCC Worship - Sukacita With Orchestra,209,nonprofits,UCIimjC2xJp3Zi6CAr5-TMIg,,Jesus Center Church (JCC) Cijantung,Partner-provided,monetize,2,0.016621,0,0,0,0.016621,0.00914155,0,0,0,0.00914155
None,20240612,ID,pg85-JQtelQ,JCC Worship - Sukacita With Orchestra,209,nonprofits,UCIimjC2xJp3Zi6CAr5-TMIg,,Jesus Center Church (JCC) Cijantung,Partner-provided,monetize,0,0.000889,0,0,0,0.000889,0.00048895,0,0,0,0.00048895
None,20240615,ID,pg85-JQtelQ,JCC Worship - Sukacita With Orchestra,209,nonprofits,UCIimjC2xJp3Zi6CAr5-TMIg,,Jesus Center Church (JCC) Cijantung,Partner-provided,monetize,0,0.00044,0,0,0,0.00044,0.000242,0,0,0,0.000242
None,20240615,US,pg85-JQtelQ,JCC Worship - Sukacita With Orchestra,209,nonprofits,UCIimjC2xJp3Zi6CAr5-TMIg,,Jesus Center Church (JCC) Cijantung,Partner-provided,monetize,1,0,0,0,0,0,0,0,0,0,0
None,20240617,US,pg85-JQtelQ,JCC Worship - Sukacita With Orchestra,209,nonprofits,UCIimjC2xJp3Zi6CAr5-TMIg,,Jesus Center Church (JCC) Cijantung,Partner-provided,monetize,1,0.048568,0,0,0,0.048568,0.0267124,0,0,0,0.0267124
None,20240618,ID,pg85-JQtelQ,JCC Worship - Sukacita With Orchestra,209,nonprofits,UCIimjC2xJp3Zi6CAr5-TMIg,,Jesus Center Church (JCC) Cijantung,Partner-provided,monetize,2,0,0,0,0,0,0,0,0,0,0
None,20240619,ID,pg85-JQtelQ,JCC Worship - Sukacita With Orchestra,209,nonprofits,UCIimjC2xJp3Zi6CAr5-TMIg,,Jesus Center Church (JCC) Cijantung,Partner-provided,monetize,1,0,0,0,0,0,0,0,0,0,0
None,20240620,ID,pg85-JQtelQ,JCC Worship - Sukacita With Orchestra,209,nonprofits,UCIimjC2xJp3Zi6CAr5-TMIg,,Jesus Center Church (JCC) Cijantung,Partner-provided,monetize,2,0.000427,0,0,0,0.000427,0.00023485,0,0,0,0.00023485
None,20240623,ID,pg85-JQtelQ,JCC Worship - Sukacita With Orchestra,209,nonprofits,UCIimjC2xJp3Zi6CAr5-TMIg,,Jesus Center Church (JCC) Cijantung,Partner-provided,monetize,1,0.00061,0,0,0,0.00061,0.0003355,0,0,0,0.0003355
None,20240623,US,pg85-JQtelQ,JCC Worship - Sukacita With Orchestra,209,nonprofits,UCIimjC2xJp3Zi6CAr5-TMIg,,Jesus Center Church (JCC) Cijantung,Partner-provided,monetize,1,0.028194,0,0,0,0.028194,0.0155067,0,0,0,0.0155067
None,20240624,ID,pg85-JQtelQ,JCC Worship - Sukacita With Orchestra,209,nonprofits,UCIimjC2xJp3Zi6CAr5-TMIg,,Jesus Center Church (JCC) Cijantung,Partner-provided,monetize,1,0.000403,0,0,0,0.000403,0.00022165,0,0,0,0.00022165
None,20240629,ID,pg85-JQtelQ,JCC Worship - Sukacita With Orchestra,209,nonprofits,UCIimjC2xJp3Zi6CAr5-TMIg,,Jesus Center Church (JCC) Cijantung,Partner-provided,monetize,2,0,0,0,0,0,0,0,0,0,0
None,20240630,ID,pg85-JQtelQ,JCC Worship - Sukacita With Orchestra,209,nonprofits,UCIimjC2xJp3Zi6CAr5-TMIg,,Jesus Center Church (JCC) Cijantung,Partner-provided,monetize,2,0.000238,0,0,0,0.000238,0.0001309,0,0,0,0.0001309
None,20240601,ID,YIdZ1AgUVGw,JCC Worship - Tuhan Yesus Melawat UmatNya,369,nonprofits,UCIimjC2xJp3Zi6CAr5-TMIg,,Jesus Center Church (JCC) Cijantung,Partner-provided,monetize,5,0.003608,0,0,0,0.003608,0.0019844,0,0,0,0.0019844
None,20240601,US,YIdZ1AgUVGw,JCC Worship - Tuhan Yesus Melawat UmatNya,369,nonprofits,UCIimjC2xJp3Zi6CAr5-TMIg,,Jesus Center Church (JCC) Cijantung,Partner-provided,monetize,1,0,0,0,0,0,0,0,0,0,0
None,20240602,ID,YIdZ1AgUVGw,JCC Worship - Tuhan Yesus Melawat UmatNya,369,nonprofits,UCIimjC2xJp3Zi6CAr5-TMIg,,Jesus Center Church (JCC) Cijantung,Partner-provided,monetize,8,0.001266,0,0,0,0.001266,0.0006963,0,0,0,0.0006963
None,20240602,SG,YIdZ1AgUVGw,JCC Worship - Tuhan Yesus Melawat UmatNya,369,nonprofits,UCIimjC2xJp3Zi6CAr5-TMIg,,Jesus Center Church (JCC) Cijantung,Partner-provided,monetize,1,0,0,0,0,0,0,0,0,0,0
None,20240603,ID,YIdZ1AgUVGw,JCC Worship - Tuhan Yesus Melawat UmatNya,369,nonprofits,UCIimjC2xJp3Zi6CAr5-TMIg,,Jesus Center Church (JCC) Cijantung,Partner-provided,monetize,6,0.001052,0,0,0,0.001052,0.0005786,0,0,0,0.0005786
None,20240604,ID,YIdZ1AgUVGw,JCC Worship - Tuhan Yesus Melawat UmatNya,369,nonprofits,UCIimjC2xJp3Zi6CAr5-TMIg,,Jesus Center Church (JCC) Cijantung,Partner-provided,monetize,4,0.004769,0,0,0,0.004769,0.00262295,0,0,0,0.00262295
None,20240605,ID,YIdZ1AgUVGw,JCC Worship - Tuhan Yesus Melawat UmatNya,369,nonprofits,UCIimjC2xJp3Zi6CAr5-TMIg,,Jesus Center Church (JCC) Cijantung,Partner-provided,monetize,1,0.013403,0,0,0,0.013403,0.00737165,0,0,0,0.00737165
None,20240605,MY,YIdZ1AgUVGw,JCC Worship - Tuhan Yesus Melawat UmatNya,369,nonprofits,UCIimjC2xJp3Zi6CAr5-TMIg,,Jesus Center Church (JCC) Cijantung,Partner-provided,monetize,1,0.000466,0,0,0,0.000466,0.0002563,0,0,0,0.0002563
None,20240606,ID,YIdZ1AgUVGw,JCC Worship - Tuhan Yesus Melawat UmatNya,369,nonprofits,UCIimjC2xJp3Zi6CAr5-TMIg,,Jesus Center Church (JCC) Cijantung,Partner-provided,monetize,4,0.002677,0,0,0,0.002677,0.00147235,0,0,0,0.00147235
None,20240607,ID,YIdZ1AgUVGw,JCC Worship - Tuhan Yesus Melawat UmatNya,369,nonprofits,UCIimjC2xJp3Zi6CAr5-TMIg,,Jesus Center Church (JCC) Cijantung,Partner-provided,monetize,6,0.070515,0,0,0,0.070515,0.03878325,0,0,0,0.03878325
None,20240608,ID,YIdZ1AgUVGw,JCC Worship - Tuhan Yesus Melawat UmatNya,369,nonprofits,UCIimjC2xJp3Zi6CAr5-TMIg,,Jesus Center Church (JCC) Cijantung,Partner-provided,monetize,7,0.032138,0,0,0,0.032138,0.0176759,0,0,0,0.0176759
None,20240609,ID,YIdZ1AgUVGw,JCC Worship - Tuhan Yesus Melawat UmatNya,369,nonprofits,UCIimjC2xJp3Zi6CAr5-TMIg,,Jesus Center Church (JCC) Cijantung,Partner-provided,monetize,3,0.024843,0,0,0,0.024843,0.01366365,0,0,0,0.01366365
None,20240609,MY,YIdZ1AgUVGw,JCC Worship - Tuhan Yesus Melawat UmatNya,369,nonprofits,UCIimjC2xJp3Zi6CAr5-TMIg,,Jesus Center Church (JCC) Cijantung,Partner-provided,monetize,1,0,0,0,0,0,0,0,0,0,0
None,20240610,ID,YIdZ1AgUVGw,JCC Worship - Tuhan Yesus Melawat UmatNya,369,nonprofits,UCIimjC2xJp3Zi6CAr5-TMIg,,Jesus Center Church (JCC) Cijantung,Partner-provided,monetize,4,0.00121,0,0,0,0.00121,0.0006655,0,0,0,0.0006655
None,20240611,ID,YIdZ1AgUVGw,JCC Worship - Tuhan Yesus Melawat UmatNya,369,nonprofits,UCIimjC2xJp3Zi6CAr5-TMIg,,Jesus Center Church (JCC) Cijantung,Partner-provided,monetize,3,0.000675,0,0,0,0.000675,0.00037125,0,0,0,0.00037125
None,20240612,ID,YIdZ1AgUVGw,JCC Worship - Tuhan Yesus Melawat UmatNya,369,nonprofits,UCIimjC2xJp3Zi6CAr5-TMIg,,Jesus Center Church (JCC) Cijantung,Partner-provided,monetize,5,0.009684,0,0,0,0.009684,0.0053262,0,0,0,0.0053262
None,20240613,ID,YIdZ1AgUVGw,JCC Worship - Tuhan Yesus Melawat UmatNya,369,nonprofits,UCIimjC2xJp3Zi6CAr5-TMIg,,Jesus Center Church (JCC) Cijantung,Partner-provided,monetize,5,0.002856,0,0,0,0.002856,0.0015708,0,0,0,0.0015708
None,20240613,MY,YIdZ1AgUVGw,JCC Worship - Tuhan Yesus Melawat UmatNya,369,nonprofits,UCIimjC2xJp3Zi6CAr5-TMIg,,Jesus Center Church (JCC) Cijantung,Partner-provided,monetize,1,0,0,0,0,0,0,0,0,0,0
None,20240614,ID,YIdZ1AgUVGw,JCC Worship - Tuhan Yesus Melawat UmatNya,369,nonprofits,UCIimjC2xJp3Zi6CAr5-TMIg,,Jesus Center Church (JCC) Cijantung,Partner-provided,monetize,2,0.000397,0,0,0,0.000397,0.00021835,0,0,0,0.00021835
None,20240615,CA,YIdZ1AgUVGw,JCC Worship - Tuhan Yesus Melawat UmatNya,369,nonprofits,UCIimjC2xJp3Zi6CAr5-TMIg,,Jesus Center Church (JCC) Cijantung,Partner-provided,monetize,1,0,0,0,0,0,0,0,0,0,0
None,20240615,ID,YIdZ1AgUVGw,JCC Worship - Tuhan Yesus Melawat UmatNya,369,nonprofits,UCIimjC2xJp3Zi6CAr5-TMIg,,Jesus Center Church (JCC) Cijantung,Partner-provided,monetize,3,0.002512,0,0,0,0.002512,0.0013816,0,0,0,0.0013816
None,20240616,ID,YIdZ1AgUVGw,JCC Worship - Tuhan Yesus Melawat UmatNya,369,nonprofits,UCIimjC2xJp3Zi6CAr5-TMIg,,Jesus Center Church (JCC) Cijantung,Partner-provided,monetize,2,0.000277,0,0,0,0.000277,0.00015235,0,0,0,0.00015235
None,20240617,ID,YIdZ1AgUVGw,JCC Worship - Tuhan Yesus Melawat UmatNya,369,nonprofits,UCIimjC2xJp3Zi6CAr5-TMIg,,Jesus Center Church (JCC) Cijantung,Partner-provided,monetize,2,0.001123,0,0,0,0.001123,0.00061765,0,0,0,0.00061765
None,20240618,AU,YIdZ1AgUVGw,JCC Worship - Tuhan Yesus Melawat UmatNya,369,nonprofits,UCIimjC2xJp3Zi6CAr5-TMIg,,Jesus Center Church (JCC) Cijantung,Partner-provided,monetize,1,0,0,0,0,0,0,0,0,0,0
None,20240618,ID,YIdZ1AgUVGw,JCC Worship - Tuhan Yesus Melawat UmatNya,369,nonprofits,UCIimjC2xJp3Zi6CAr5-TMIg,,Jesus Center Church (JCC) Cijantung,Partner-provided,monetize,3,0.006082,0,0,0,0.006082,0.0033451,0,0,0,0.0033451
None,20240619,ID,YIdZ1AgUVGw,JCC Worship - Tuhan Yesus Melawat UmatNya,369,nonprofits,UCIimjC2xJp3Zi6CAr5-TMIg,,Jesus Center Church (JCC) Cijantung,Partner-provided,monetize,6,0.004173,0,0,0,0.004173,0.00229515,0,0,0,0.00229515
None,20240619,MY,YIdZ1AgUVGw,JCC Worship - Tuhan Yesus Melawat UmatNya,369,nonprofits,UCIimjC2xJp3Zi6CAr5-TMIg,,Jesus Center Church (JCC) Cijantung,Partner-provided,monetize,1,0.001778,0,0,0,0.001778,0.0009779,0,0,0,0.0009779
None,20240621,ID,YIdZ1AgUVGw,JCC Worship - Tuhan Yesus Melawat UmatNya,369,nonprofits,UCIimjC2xJp3Zi6CAr5-TMIg,,Jesus Center Church (JCC) Cijantung,Partner-provided,monetize,3,0.011888,0,0,0,0.011888,0.0065384,0,0,0,0.0065384
None,20240622,ID,YIdZ1AgUVGw,JCC Worship - Tuhan Yesus Melawat UmatNya,369,nonprofits,UCIimjC2xJp3Zi6CAr5-TMIg,,Jesus Center Church (JCC) Cijantung,Partner-provided,monetize,4,0,0,0,0,0,0,0,0,0,0
None,20240623,ID,YIdZ1AgUVGw,JCC Worship - Tuhan Yesus Melawat UmatNya,369,nonprofits,UCIimjC2xJp3Zi6CAr5-TMIg,,Jesus Center Church (JCC) Cijantung,Partner-provided,monetize,4,0.000345,0,0,0,0.000345,0.00018975,0,0,0,0.00018975
None,20240624,ID,YIdZ1AgUVGw,JCC Worship - Tuhan Yesus Melawat UmatNya,369,nonprofits,UCIimjC2xJp3Zi6CAr5-TMIg,,Jesus Center Church (JCC) Cijantung,Partner-provided,monetize,2,0.002698,0,0,0,0.002698,0.0014839,0,0,0,0.0014839
None,20240625,ID,YIdZ1AgUVGw,JCC Worship - Tuhan Yesus Melawat UmatNya,369,nonprofits,UCIimjC2xJp3Zi6CAr5-TMIg,,Jesus Center Church (JCC) Cijantung,Partner-provided,monetize,6,0.004677,0,0,0,0.004677,0.00257235,0,0,0,0.00257235
None,20240626,ID,YIdZ1AgUVGw,JCC Worship - Tuhan Yesus Melawat UmatNya,369,nonprofits,UCIimjC2xJp3Zi6CAr5-TMIg,,Jesus Center Church (JCC) Cijantung,Partner-provided,monetize,10,0.014253,0,0,0,0.014253,0.00783915,0,0,0,0.00783915
None,20240627,ID,YIdZ1AgUVGw,JCC Worship - Tuhan Yesus Melawat UmatNya,369,nonprofits,UCIimjC2xJp3Zi6CAr5-TMIg,,Jesus Center Church (JCC) Cijantung,Partner-provided,monetize,6,0.00311,0,0,0,0.00311,0.0017105,0,0,0,0.0017105
None,20240628,ID,YIdZ1AgUVGw,JCC Worship - Tuhan Yesus Melawat UmatNya,369,nonprofits,UCIimjC2xJp3Zi6CAr5-TMIg,,Jesus Center Church (JCC) Cijantung,Partner-provided,monetize,3,0.001655,0,0,0,0.001655,0.00091025,0,0,0,0.00091025
None,20240629,ID,YIdZ1AgUVGw,JCC Worship - Tuhan Yesus Melawat UmatNya,369,nonprofits,UCIimjC2xJp3Zi6CAr5-TMIg,,Jesus Center Church (JCC) Cijantung,Partner-provided,monetize,3,0.001044,0,0,0,0.001044,0.0005742,0,0,0,0.0005742
None,20240630,ID,YIdZ1AgUVGw,JCC Worship - Tuhan Yesus Melawat UmatNya,369,nonprofits,UCIimjC2xJp3Zi6CAr5-TMIg,,Jesus Center Church (JCC) Cijantung,Partner-provided,monetize,1,0,0,0,0,0,0,0,0,0,0
None,20240601,ID,ZzXu1MOS_0c,JCC Worship - Kuteringat,327,entertainment,UCIimjC2xJp3Zi6CAr5-TMIg,,Jesus Center Church (JCC) Cijantung,Partner-provided,monetize,1,0,0,0,0,0,0,0,0,0,0
None,20240605,ID,ZzXu1MOS_0c,JCC Worship - Kuteringat,327,entertainment,UCIimjC2xJp3Zi6CAr5-TMIg,,Jesus Center Church (JCC) Cijantung,Partner-provided,monetize,2,0,0,0,0,0,0,0,0,0,0
None,20240608,ID,ZzXu1MOS_0c,JCC Worship - Kuteringat,327,entertainment,UCIimjC2xJp3Zi6CAr5-TMIg,,Jesus Center Church (JCC) Cijantung,Partner-provided,monetize,1,0.000531,0,0,0,0.000531,0.00029205,0,0,0,0.00029205
None,20240615,ID,ZzXu1MOS_0c,JCC Worship - Kuteringat,327,entertainment,UCIimjC2xJp3Zi6CAr5-TMIg,,Jesus Center Church (JCC) Cijantung,Partner-provided,monetize,5,0.000436,0,0,0,0.000436,0.0002398,0,0,0,0.0002398
None,20240616,ID,ZzXu1MOS_0c,JCC Worship - Kuteringat,327,entertainment,UCIimjC2xJp3Zi6CAr5-TMIg,,Jesus Center Church (JCC) Cijantung,Partner-provided,monetize,3,0.000413,0,0,0,0.000413,0.00022715,0,0,0,0.00022715
None,20240621,ID,ZzXu1MOS_0c,JCC Worship - Kuteringat,327,entertainment,UCIimjC2xJp3Zi6CAr5-TMIg,,Jesus Center Church (JCC) Cijantung,Partner-provided,monetize,1,0,0,0,0,0,0,0,0,0,0
None,20240629,ID,ZzXu1MOS_0c,JCC Worship - Kuteringat,327,entertainment,UCIimjC2xJp3Zi6CAr5-TMIg,,Jesus Center Church (JCC) Cijantung,Partner-provided,monetize,2,0,0,0,0,0,0,0,0,0,0
None,20240601,ID,h9mcx8YH2kw,Kasih Tuhan tak bersyarat (JCC Worship),56,nonprofits,UCIimjC2xJp3Zi6CAr5-TMIg,,Jesus Center Church (JCC) Cijantung,Partner-provided,monetize,1,0,0,0,0,0,0,0,0,0,0
None,20240605,ID,h9mcx8YH2kw,Kasih Tuhan tak bersyarat (JCC Worship),56,nonprofits,UCIimjC2xJp3Zi6CAr5-TMIg,,Jesus Center Church (JCC) Cijantung,Partner-provided,monetize,1,0,0,0,0,0,0,0,0,0,0
None,20240608,ID,h9mcx8YH2kw,Kasih Tuhan tak bersyarat (JCC Worship),56,nonprofits,UCIimjC2xJp3Zi6CAr5-TMIg,,Jesus Center Church (JCC) Cijantung,Partner-provided,monetize,1,0,0,0,0,0,0,0,0,0,0
None,20240628,ID,h9mcx8YH2kw,Kasih Tuhan tak bersyarat (JCC Worship),56,nonprofits,UCIimjC2xJp3Zi6CAr5-TMIg,,Jesus Center Church (JCC) Cijantung,Partner-provided,monetize,2,0,0,0,0,0,0,0,0,0,0
"None,20240605,ID,zpv_mgvT7S0,""Kau ambil alih ya Tuhan, yang kupunya hanya Tuhan!"",60,nonprofits,UCIimjC2xJp3Zi6CAr5-TMIg,,Jesus Center Church (JCC) Cijantung,Partner-provided,monetize,1,0,0,0,0,0,0,0,0,0,0"
"None,20240614,ID,zpv_mgvT7S0,""Kau ambil alih ya Tuhan, yang kupunya hanya Tuhan!"",60,nonprofits,UCIimjC2xJp3Zi6CAr5-TMIg,,Jesus Center Church (JCC) Cijantung,Partner-provided,monetize,1,0,0,0,0,0,0,0,0,0,0"
"None,20240621,ID,zpv_mgvT7S0,""Kau ambil alih ya Tuhan, yang kupunya hanya Tuhan!"",60,nonprofits,UCIimjC2xJp3Zi6CAr5-TMIg,,Jesus Center Church (JCC) Cijantung,Partner-provided,monetize,2,0,0,0,0,0,0,0,0,0,0"
"None,20240623,ID,zpv_mgvT7S0,""Kau ambil alih ya Tuhan, yang kupunya hanya Tuhan!"",60,nonprofits,UCIimjC2xJp3Zi6CAr5-TMIg,,Jesus Center Church (JCC) Cijantung,Partner-provided,monetize,2,0,0,0,0,0,0,0,0,0,0"
